#
# There is insufficient memory for the Java Runtime Environment to continue.
# Native memory allocation (mmap) failed to map 1048576 bytes. Error detail: G1 virtual space
# Possible reasons:
#   The system is out of physical RAM or swap space
#   This process is running with CompressedOops enabled, and the Java Heap may be blocking the growth of the native heap
# Possible solutions:
#   Reduce memory load on the system
#   Increase physical memory or swap space
#   Check if swap backing store is full
#   Decrease Java heap size (-Xmx/-Xms)
#   Decrease number of Java threads
#   Decrease Java thread stack sizes (-Xss)
#   Set larger code cache with -XX:ReservedCodeCacheSize=
#   JVM is running with Unscaled Compressed Oops mode in which the Java heap is
#     placed in the first 4GB address space. The Java Heap base address is the
#     maximum limit for the native heap growth. Please use -XX:HeapBaseMinAddress
#     to set the Java Heap base and to place the Java Heap above 4GB virtual address.
# This output file may be truncated or incomplete.
#
#  Out of Memory Error (os_windows.cpp:3554), pid=6096, tid=19992
#
# JRE version: OpenJDK Runtime Environment Temurin-25.0.2+10 (25.0.2+10) (build 25.0.2+10-LTS)
# Java VM: OpenJDK 64-Bit Server VM Temurin-25.0.2+10 (25.0.2+10-LTS, mixed mode, sharing, tiered, compressed oops, compressed class ptrs, g1 gc, windows-amd64)
# No core dump will be written. Minidumps are not enabled by default on client versions of Windows
#

---------------  S U M M A R Y ------------

Command Line: -Dfile.encoding=UTF-8 --module-path=F:\fontend\Travel Management System\build\classes travel.management.system.Splash

Host: Intel(R) Core(TM) i3-7020U CPU @ 2.30GHz, 4 cores, 7G,  Windows 10 , 64 bit Build 19041 (10.0.19041.6807)
Time: Tue Apr 21 16:30:21 2026 India Standard Time elapsed time: 123.076854 seconds (0d 0h 2m 3s)

---------------  T H R E A D  ---------------

Current thread (0x00000234eef485b0):  JavaThread "Image Fetcher 1" daemon [_thread_in_vm, id=19992, stack(0x00000042bc000000,0x00000042bc100000) (1024K)]

Stack: [0x00000042bc000000,0x00000042bc100000]
Native frames: (J=compiled Java code, j=interpreted, Vv=VM code, C=native code)
V  [jvm.dll+0x7a8bc9]  (no source info available)
V  [jvm.dll+0x77310d]  (no source info available)
V  [jvm.dll+0x9f55f3]  (no source info available)
V  [jvm.dll+0x9f7be1]  (no source info available)
V  [jvm.dll+0x9f82f3]  (no source info available)
V  [jvm.dll+0x2fce26]  (no source info available)
V  [jvm.dll+0x7a4df5]  (no source info available)
V  [jvm.dll+0x798257]  (no source info available)
V  [jvm.dll+0x3f5248]  (no source info available)
V  [jvm.dll+0x3fd1b6]  (no source info available)
V  [jvm.dll+0x3e95f5]  (no source info available)
V  [jvm.dll+0x3e9cc4]  (no source info available)
V  [jvm.dll+0x3e9822]  (no source info available)
V  [jvm.dll+0x3c114e]  (no source info available)
V  [jvm.dll+0x3bf30f]  (no source info available)
V  [jvm.dll+0x726f86]  (no source info available)
V  [jvm.dll+0x2b3972]  (no source info available)
V  [jvm.dll+0x9b8797]  (no source info available)
V  [jvm.dll+0x47501c]  (no source info available)
C  0x00000234dd0ca949  (no source info available)

The last pc belongs to newarray (printed below).
Java frames: (J=compiled Java code, j=interpreted, Vv=VM code)
j  java.awt.image.DataBufferInt.<init>(I)V+11 java.desktop@25.0.2
j  java.awt.image.Raster.createPackedRaster(III[ILjava/awt/Point;)Ljava/awt/image/WritableRaster;+69 java.desktop@25.0.2
j  java.awt.image.DirectColorModel.createCompatibleWritableRaster(II)Ljava/awt/image/WritableRaster;+83 java.desktop@25.0.2
j  sun.awt.image.ImageRepresentation.createBufferedImage()V+18 java.desktop@25.0.2
J 3449 c2 sun.awt.image.ImageRepresentation.setPixels(IIIILjava/awt/image/ColorModel;[III)V java.desktop@25.0.2 (510 bytes) @ 0x00000234dd74ca3c [0x00000234dd74c480+0x00000000000005bc]
J 3522 c2 sun.awt.image.JPEGImageDecoder.sendPixels([II)Z java.desktop@25.0.2 (40 bytes) @ 0x00000234dd752b20 [0x00000234dd752700+0x0000000000000420]
v  ~StubRoutines::call_stub 0x00000234dd0b12ed
j  sun.awt.image.JPEGImageDecoder.readImage(Ljava/io/InputStream;[B)V+0 java.desktop@25.0.2
j  sun.awt.image.JPEGImageDecoder.produceImage()V+10 java.desktop@25.0.2
j  sun.awt.image.InputStreamImageSource.doFetch()V+51 java.desktop@25.0.2
j  sun.awt.image.ImageFetcher.fetchloop()V+31 java.desktop@25.0.2
j  sun.awt.image.ImageFetcher.run()V+5 java.desktop@25.0.2
v  ~StubRoutines::call_stub 0x00000234dd0b12ed
Lock stack of current Java thread (top to bottom):
LockStack[0]: sun.awt.image.ImageRepresentation 
{0x000000009ef86220} - klass: 'sun/awt/image/ImageRepresentation' - flags: 

 - ---- fields (total size 12 words):
 - public 'watcherList' 'Lsun/awt/image/ImageWatched$Link;' @12  a 'sun/awt/image/ImageWatched$WeakLink'{0x000000009ef86280} (0x9ef86280)
 - 'src' 'Lsun/awt/image/InputStreamImageSource;' @16  a 'sun/awt/image/URLImageSource'{0x000000009ef86148} (0x9ef86148)
 - 'image' 'Lsun/awt/image/ToolkitImage;' @20  a 'sun/awt/image/ToolkitImage'{0x000000009ef86178} (0x9ef86178)
 - 'newbits' 'Ljava/awt/Rectangle;' @24  null (0x00000000)
 - 'bimage' 'Ljava/awt/image/BufferedImage;' @28  null (0x00000000)
 - 'biRaster' 'Ljava/awt/image/WritableRaster;' @32  null (0x00000000)
 - protected 'cmodel' 'Ljava/awt/image/ColorModel;' @36  a 'java/awt/image/DirectColorModel'{0x0000000085178338} (0x85178338)
 - 'srcModel' 'Ljava/awt/image/ColorModel;' @40  a 'java/awt/image/DirectColorModel'{0x0000000085178338} (0x85178338)
 - 'srcLUT' '[I' @44  null (0x00000000)
 - 'pData' 'J' @48  0 (0x0000000000000000)
 - 'tag' 'I' @56  0 (0x00000000)
 - 'width' 'I' @60  5461 (0x00001555)
 - 'height' 'I' @64  8192 (0x00002000)
 - 'hints' 'I' @68  22 (0x00000016)
 - 'availinfo' 'I' @72  3 (0x00000003)
 - 'srcLUTtransIndex' 'I' @76  -1 (0xffffffff)
 - 'numSrcLUT' 'I' @80  0 (0x00000000)
 - 'sstride' 'I' @84  0 (0x00000000)
 - private 'numWaiters' 'I' @88  0 (0x00000000)
 - 'forceCMhint' 'Z' @92  false (0x00)
 - 'isDefaultBI' 'Z' @93  false (0x00)
 - 'isSameCM' 'Z' @94  true (0x01)
 - private 'consuming' 'Z' @95  true (0x01)

newarray  188 newarray  [0x00000234dd0ca8e0, 0x00000234dd0ca9b8]  216 bytes
[MachCode]
  0x00000234dd0ca8e0: 8b04 2448 | 83c4 0841 | 0fb6 5501 | e805 0000 | 00e9 ab00 | 0000 4c8b | c048 8d44 | 2408 4c89 
  0x00000234dd0ca900: 6dc0 498b | cfc5 f877 | 4989 af38 | 0400 0049 | 8987 2804 | 0000 4883 | ec20 40f6 | c40f 0f84 
  0x00000234dd0ca920: 1900 0000 | 4883 ec08 | 48b8 f04f | b667 fa7f | 0000 ffd0 | 4883 c408 | e90c 0000 | 0048 b8f0 
  0x00000234dd0ca940: 4fb6 67fa | 7f00 00ff | d048 83c4 | 2049 c787 | 2804 0000 | 0000 0000 | 49c7 8738 | 0400 0000 
  0x00000234dd0ca960: 0000 0049 | c787 3004 | 0000 0000 | 0000 c5f8 | 7749 837f | 0800 0f84 | 0500 0000 | e95f 68fe 
  0x00000234dd0ca980: ff49 8b87 | 8004 0000 | 49c7 8780 | 0400 0000 | 0000 004c | 8b6d c04c | 8b75 c84e | 8d74 f500 
  0x00000234dd0ca9a0: c341 0fb6 | 5d02 4983 | c502 49ba | 40a9 5368 | fa7f 0000 | 41ff 24da 
[/MachCode]

Compiled method (c2) 123301 3449   !   4       sun.awt.image.ImageRepresentation::setPixels (510 bytes)
 total in heap  [0x00000234dd74c388,0x00000234dd74e328] = 8096
 main code      [0x00000234dd74c480,0x00000234dd74e2a8] = 7720
 stub code      [0x00000234dd74e2a8,0x00000234dd74e328] = 128
 mutable data [0x00000234f0e07c20,0x00000234f0e07ec0] = 672
 relocation     [0x00000234f0e07c20,0x00000234f0e07db0] = 400
 metadata       [0x00000234f0e07db0,0x00000234f0e07ec0] = 272
 immutable data [0x00000234f0e94630,0x00000234f0e956c8] = 4248
 dependencies   [0x00000234f0e94630,0x00000234f0e94688] = 88
 nul chk table  [0x00000234f0e94688,0x00000234f0e94710] = 136
 handler table  [0x00000234f0e94710,0x00000234f0e94818] = 264
 scopes pcs     [0x00000234f0e94818,0x00000234f0e94b78] = 864
 scopes data    [0x00000234f0e94b78,0x00000234f0e956c8] = 2896

[Constant Pool (empty)]

[MachCode]
[Instructions begin]
  0x00000234dd74c480: 6690 448b | 5208 443b 

  0x00000234dd74c488: ;   {runtime_call Shared Runtime ic_miss_blob}
  0x00000234dd74c488: 5008 0f85 | 5026 9bff 
[Verified Entry Point]
  0x00000234dd74c490: 8984 2400 | 80ff ff55 | 4881 ecc0 | 0000 0090 | 4181 7f20 | 0d00 0000 | 0f85 eb1d | 0000 4889 
  0x00000234dd74c4b0: 4c24 4889 | 7424 448b | ef44 894c | 243c 4489 | 4424 3848 | 8954 2450 | 488d 9c24 | b000 0000 
  0x00000234dd74c4d0: 4c8b 1241 | 8b9f d806 | 0000 41f6 | c202 0f85 | 3700 0000 | 81fb 2707 | 0000 0f8f | 4b00 0000 
  0x00000234dd74c4f0: 493b 541f | f874 1649 | 8bc2 4883 | c801 4983 | e2fe f04c | 0fb1 120f | 852e 0000 | 0049 8914 
  0x00000234dd74c510: 1f41 8387 | d806 0000 | 08eb 1e48 | 33c0 498b | 9fc8 0400 | 00f0 490f | b15a 3e74 | 0c48 3bd8 
  0x00000234dd74c530: 7509 49ff | 8286 0000 | 0033 c00f | 1f44 0000 | 0f85 9210 | 0000 4c8b | 5424 5045 | 3b62 1c0f 
  0x00000234dd74c550: 84cd 0400 | 0066 6666 | 0f1f 8400 | 0000 0000 | 81fd 0000 | 0400 0f87 | df07 0000 | 4d8b 97c8 
  0x00000234dd74c570: 0100 0044 | 8bdd 4d63 | db4a 8d0c | 9d17 0000 | 004c 8bd9 | 4983 e3f8 

  0x00000234dd74c588: ;   {other}
  0x00000234dd74c588: 4d8b c24d | 03c3 4d3b | 87d8 0100 | 000f 83b0 | 0700 004d | 8987 c801 | 0000 410f | 0d88 c000 
  0x00000234dd74c5a8: 0000 49c7 | 0201 0000 | 0041 0f0d | 8800 0100 

  0x00000234dd74c5b8: ;   {metadata({type array int})}
  0x00000234dd74c5b8: 0041 c742 | 08a0 4a18 | 0041 896a | 0c41 0f0d | 8840 0100 | 0049 8bfa | 4883 c710 | 410f 0d88 
  0x00000234dd74c5d8: 8001 0000 | 48c1 e903 | 4883 c1fe | 4833 c048 | 83f9 087f | 1048 ffc9 | 784f 4889 | 04cf 48ff 
  0x00000234dd74c5f8: c97d f7eb | 44c5 fdef | c0e9 0d00 | 0000 c5fe | 7f07 c5fe | 7f47 2048 | 83c7 4048 | 83e9 087d 
  0x00000234dd74c618: ed48 83c1 | 047c 0cc5 | fe7f 0748 | 83c7 2048 | 83e9 0448 | 83c1 047e | 1048 ffc9 | c5f9 d607 
  0x00000234dd74c638: 4883 c708 | 48ff c97d | f34c 8b5c | 2450 458b | 5b24 458b 

  0x00000234dd74c64c: ;   {metadata('java/awt/image/DirectColorModel')}
  0x00000234dd74c64c: 4b08 4181 | f9f8 2902 | 010f 8581 | 1500 008b | 7c24 3803 | fd44 8b4c | 243c 4403 | 4c24 444c 
  0x00000234dd74c66c: 8b44 2450 | 458b 4020 | 4863 cd49 | 8bdb 488b | 5424 4890 | 483b d30f | 85c0 0300 | 0041 8b58 
  0x00000234dd74c68c: ;   {metadata('sun/awt/image/IntegerInterleavedRaster')}
  0x00000234dd74c68c: 0881 fb00 | 8004 010f | 85df 1500 | 004d 8bf0 | 448b 8424 | d800 0000 | 4585 c00f | 8573 1000 
  0x00000234dd74c6ac: 0044 8b9c | 24e0 0000 | 0044 3bdd | 0f85 b210 | 0000 418b | 5e0c 448b | 5424 3844 | 3bd3 0f8c 
  0x00000234dd74c6cc: f410 0000 | 458b 5610 | 448b 4424 | 3c0f 1f80 | 0000 0000 | 453b c20f | 8c0f 1100 | 0045 8b5e 
  0x00000234dd74c6ec: 6041 3bfb | 0f8f 5e11 | 0000 458b | 5e64 660f | 1f44 0000 | 453b cb0f | 8f77 1100 | 0045 8b5e 
  0x00000234dd74c70c: 3c45 8b43 | 0c8b 7c24 | 382b fb8b | 7424 3c41 | 2bf2 410f | af76 4803 | f745 85c0 | 0f86 920f 
  0x00000234dd74c72c: 0000 8b5c | 2444 85db | 0f8e 1e01 | 0000 4103 | 7310 4c8b | 9c24 d000 | 0000 458b | 6b0c 4533 
  0x00000234dd74c74c: d233 ff44 | 89ac 24d4 | 0000 0044 | 8beb 442b | ef45 33c9 | 3bdf 450f | 4ce9 4181 | fde8 0300 
  0x00000234dd74c76c: 0041 b8e8 | 0300 0045 | 0f47 e844 | 03ef 458b | 4640 6690 

  0x00000234dd74c780: ; implicit exception: dispatches to 0x00000234dd74dcfc
  0x00000234dd74c780: 458b 480c | 4585 d20f | 8cc0 0d00 

  0x00000234dd74c78c: ;   {other}
  0x00000234dd74c78c: 0085 f60f | 8cb8 0d00 | 0048 894c | 2420 8bd5 | 4c89 9c24 | d800 0000 | 899c 24d0 | 0000 0041 
  0x00000234dd74c7ac: 8d1c 2a8b | ac24 d400 | 0000 3beb | 0f82 7b0d | 0000 8d0c | 1644 3bc9 | 0f82 7a0d | 0000 8bea 
  0x00000234dd74c7cc: 85ed 742a | 4b8d 4c93 | 104d 8bd0 | 498d 54b0 | 104c 8b44 | 2420 c5f8 

  0x00000234dd74c7e4: ;   {runtime_call Stub::jint_arraycopy}
  0x00000234dd74c7e4: 7749 baa0 | 230e dd34 | 0200 0041 

  0x00000234dd74c7f0: ;   {post_call_nop}
  0x00000234dd74c7f0: ffd2 0f1f | 8400 0000 | 0000 4103 | 7648 ffc7 | 413b fd7d | 2044 8bd3 | 8b9c 24d0 | 0000 004c 
  0x00000234dd74c810: 8b9c 24d8 | 0000 0048 | 8b4c 2420 | 0f1f 4000 | e955 ffff | ff4d 8b57 

  0x00000234dd74c828: ; ImmutableOopMap {r14=Oop [80]=Oop [216]=Oop }
                      ;*goto {reexecute=1 rethrow=0 return_oop=0}
                      ; - (reexecute) sun.awt.image.IntegerInterleavedRaster::setDataElements@126 (line 425)
                      ; - sun.awt.image.ImageRepresentation::setPixels@100 (line 551)
                      ;   {poll}
  0x00000234dd74c828: 3041 8502 | 3bbc 24d0 | 0000 007d | 1c44 8bd3 | 8b9c 24d0 | 0000 004c | 8b9c 24d8 | 0000 0048 
  0x00000234dd74c848: 8b4c 2420 | e906 ffff | ff8b 9c24 | d000 0000 | 458b 5638 | 0f1f 4000 | 4585 d20f | 8443 0d00 
  0x00000234dd74c868: 004d 33db | 4d8d 4214 | 4180 7f48 | 000f 8571 | 1800 0045 | 8918 488d | 8424 b000 | 0000 4c8b 
  0x00000234dd74c888: 5c24 5041 | 8b87 d806 | 0000 4d8b | 134d 3b5c | 07f8 0f85 | 2e00 0000 | 4183 afd8 | 0600 0008 
  0x00000234dd74c8a8: 4d3b 5c07 | f00f 845f | 0000 0049 | 8bc2 4883 | e0fc 4983 | ca01 f04d | 0fb1 130f | 85c3 1900 
  0x00000234dd74c8c8: 00e9 4400 | 0000 4983 | ba86 0000 | 0000 7533 | 49c7 423e | 0000 0000 | f083 4424 | c000 4983 
  0x00000234dd74c8e8: ba8e 0000 | 0000 7422 | 4983 ba9e | 0000 0000 | 7518 4983 | e2fd 4d89 | 97e8 0500 | 0041 83ca 
  0x00000234dd74c908: 01eb 0a49 | ff8a 8600 | 0000 4533 | d20f 85da | 0c00 004c | 8b54 2450 | 458b 5a48 | 4183 e310 
  0x00000234dd74c928: ;   {other}
  0x00000234dd74c928: 0f85 da0d | 0000 458b | 5214 4c8b | 5c24 5045 | 8b5b 0c45 | 8b4b 0890 

  0x00000234dd74c940: ;   {metadata('sun/awt/image/ImageWatched$WeakLink')}
  0x00000234dd74c940: 4181 f930 | 8c05 010f | 85d8 0c00 | 004d 8bc3 | 458b 5810 

  0x00000234dd74c954: ; implicit exception: dispatches to 0x00000234dd74ddbc
  0x00000234dd74c954: 458b 4b08 | 0f1f 8400 | 0000 0000 

  0x00000234dd74c960: ;   {metadata('sun/awt/image/ImageWatched$Link')}
  0x00000234dd74c960: 4181 f908 | 8a05 010f | 85e3 0c00 | 0045 8b48 | 0c45 8b59 | 0866 6666 | 0f1f 8400 | 0000 0000 
  0x00000234dd74c980: ;   {metadata('java/lang/ref/WeakReference')}
  0x00000234dd74c980: 4181 fb68 | 731b 000f | 8503 0d00 | 0045 8b59 | 0c41 8bfb | 4180 7f48 | 000f 85b1 | 1700 0090 
  0x00000234dd74c9a0: ; implicit exception: dispatches to 0x00000234dd74ddf8
  0x00000234dd74c9a0: 458b 4b08 

  0x00000234dd74c9a4: ;   {metadata('java/awt/ImageMediaEntry')}
  0x00000234dd74c9a4: 4181 f9b8 | 7a05 010f | 851b 1300 | 004d 8bd3 | 450f b64a | 140f 1f80 | 0000 0000 | 4585 c90f 
  0x00000234dd74c9c4: 8563 0e00 | 0041 b901 | 0000 0045 | 854a 1074 | 16c5 f877 | 4881 c4c0 | 0000 005d 

  0x00000234dd74c9e0: ;   {poll_return}
  0x00000234dd74c9e0: 493b 6728 | 0f87 8c18 | 0000 c345 | 8b50 0c45 | 85d2 0f84 | 1810 0000 | 453b 620c | 7404 4589 
  0x00000234dd74ca00: 620c 488b | 5424 5045 | 33c0 6690 

  0x00000234dd74ca0c: ;   {optimized virtual_call}
  0x00000234dd74ca0c: c5f8 77e8 

  0x00000234dd74ca10: ; ImmutableOopMap {}
                      ;*invokevirtual removeWatcher {reexecute=0 rethrow=0 return_oop=0}
                      ; - sun.awt.image.ImageWatched::newInfo@21 (line 172)
                      ; - sun.awt.image.ImageRepresentation::setPixels@506 (line 613)
  0x00000234dd74ca10: cc23 9bff 

  0x00000234dd74ca14: ;   {post_call_nop}
  0x00000234dd74ca14: 0f1f 8400 | 8c06 0001 | 0f1f 4000 | ebb3 453b | 6224 0f84 | c302 0000 | 488b 5424 | 5066 6690 
  0x00000234dd74ca34: ;   {optimized virtual_call}
  0x00000234dd74ca34: c5f8 77e8 

  0x00000234dd74ca38: ; ImmutableOopMap {[72]=Oop [80]=Oop [208]=Oop }
                      ;*invokevirtual createBufferedImage {reexecute=0 rethrow=0 return_oop=0}
                      ; - sun.awt.image.ImageRepresentation::setPixels@30 (line 532)
  0x00000234dd74ca38: 7b18 0000 

  0x00000234dd74ca3c: ;   {post_call_nop}
  0x00000234dd74ca3c: 0f1f 8400 | b406 0002 | e90c fbff | ff8b 5a08 

  0x00000234dd74ca4c: ;   {metadata('java/awt/image/DirectColorModel')}
  0x00000234dd74ca4c: 81fb f829 | 0201 0f85 | d00f 0000 | 488b da8b | 5310 6690 | 83fa 0174 | 0f49 8bd3 | 8b72 1083 
  0x00000234dd74ca6c: fe01 0f84 | 3506 0000 | 488b 5424 | 500f b652 | 5d66 6690 | 85d2 0f84 | dd05 0000 

  0x00000234dd74ca88: ; implicit exception: dispatches to 0x00000234dd74df3c
  0x00000234dd74ca88: 418b 7808 

  0x00000234dd74ca8c: ;   {metadata('sun/awt/image/IntegerInterleavedRaster')}
  0x00000234dd74ca8c: 81ff 0080 | 0401 0f85 | 9811 0000 | 498b f844 | 8b47 4090 

  0x00000234dd74caa0: ; implicit exception: dispatches to 0x00000234dd74df88
  0x00000234dd74caa0: 418b 7308 

  0x00000234dd74caa4: ;   {metadata('java/awt/image/DirectColorModel')}
  0x00000234dd74caa4: 81fe f829 | 0201 0f85 | c00f 0000 | 4489 4424 | 2448 897c | 2460 4889 | 5c24 5848 | 894c 2428 
  0x00000234dd74cac4: 4489 4c24 | 2089 ac24 | dc00 0000 | 4c89 5424 | 304c 8b54 | 2450 4c89 | 5424 4849 | 8bd3 4c8b 
  0x00000234dd74cae4: c349 8bea 

  0x00000234dd74cae8: ;   {optimized virtual_call}
  0x00000234dd74cae8: c5f8 77e8 

  0x00000234dd74caec: ; ImmutableOopMap {rbp=Oop [36]=NarrowOop [48]=Oop [72]=Oop [88]=Oop [96]=Oop [208]=Oop }
                      ;*invokevirtual equals {reexecute=0 rethrow=0 return_oop=0}
                      ; - sun.awt.image.ImageRepresentation::setPixels@210 (line 571)
  0x00000234dd74caec: d617 0000 

  0x00000234dd74caf0: ;   {post_call_nop}
  0x00000234dd74caf0: 0f1f 8400 | 6807 0003 | 0f1f 8400 | 0000 0000 | 85c0 0f84 | 0406 0000 | 8b5c 2444 | 85db 0f8e 
  0x00000234dd74cb10: 8b01 0000 | 4c8b 5c24 | 6041 8b73 | 4844 8b44 | 243c 418b | c80f afce | 034c 2438 | 4c8b 8424 
  0x00000234dd74cb30: d000 0000 

  0x00000234dd74cb34: ; implicit exception: dispatches to 0x00000234dd74e0a4
  0x00000234dd74cb34: 458b 700c | 448b 4c24 | 2466 6690 

  0x00000234dd74cb40: ; implicit exception: dispatches to 0x00000234dd74e0a9
  0x00000234dd74cb40: 458b 510c | 4489 5424 | 5c44 8b94 | 24d8 0000 | 0045 85d2 | 0f8c 790f | 0000 660f | 1f44 0000 
  0x00000234dd74cb60: 85c9 0f8c | 7d0f 0000 | 8b94 24d8 | 0000 0003 | 9424 dc00 | 0000 443b | f20f 8276 | 0f00 008b 
  0x00000234dd74cb80: d103 9424 | dc00 0000 | 8b7c 245c | 3bfa 0f82 | 710f 0000 | 498b f948 | 897c 2460 | 8bbc 24dc 
  0x00000234dd74cba0: 0000 0085 | ff74 6289 | b424 d400 | 0000 4d8b | eb8b f78b | ac24 d800 | 0000 498b | f849 8d54 
  0x00000234dd74cbc0: 8910 898c | 24d8 0000 | 004b 8d4c | 9010 4c8b | 4424 28c5 

  0x00000234dd74cbd4: ;   {runtime_call Stub::jint_arraycopy}
  0x00000234dd74cbd4: f877 49ba | a023 0edd | 3402 0000 

  0x00000234dd74cbe0: ;   {post_call_nop}
  0x00000234dd74cbe0: 41ff d20f | 1f84 0000 | 0000 004c | 8bc7 448b | d58b fe4d | 8bdd 448b | 4c24 248b | b424 d400 
  0x00000234dd74cc00: 0000 8b8c | 24d8 0000 | 0003 ce48 | c7c2 0000 | 0080 418b | c203 8424 | e000 0000 | 4c63 d349 
  0x00000234dd74cc20: ffca 4981 | fa00 0000 | 804c 0f4c | d245 8bd2 | 4183 fa01 | 0f8e 8e0e | 0000 8944 | 2444 894c 
  0x00000234dd74cc40: 2440 89b4 | 24d8 0000 | 0044 898c | 24d4 0000 | 004c 895c | 2430 89bc | 24dc 0000 | 004c 8944 
  0x00000234dd74cc60: 2420 899c | 24d0 0000 | 0044 8b8c | 24e0 0000 | 0044 038c | 24e0 0000 | 0044 8bac | 24e0 0000 
  0x00000234dd74cc80: 0044 03ef | 03f6 8bef | 03ac 24d8 | 0000 0041 | bb01 0000 | 0044 895c | 2450 e987 | 0200 008b 
  0x00000234dd74cca0: bc24 dc00 | 0000 4c8b | 5c24 6089 | bc24 dc00 | 0000 895c | 2444 498b | d348 8b6c | 2448 6690 
  0x00000234dd74ccc0: ;   {optimized virtual_call}
  0x00000234dd74ccc0: c5f8 77e8 

  0x00000234dd74ccc4: ; ImmutableOopMap {rbp=Oop [72]=Oop }
                      ;*invokevirtual markDirty {reexecute=0 rethrow=0 return_oop=0}
                      ; - sun.awt.image.ImageRepresentation::setPixels@275 (line 580)
  0x00000234dd74ccc4: c8e8 fdff 

  0x00000234dd74ccc8: ;   {post_call_nop}
  0x00000234dd74ccc8: 0f1f 8400 | 4009 0004 | 4c8b 5424 | 484c 8954 | 2450 4183 | 4a48 088b | 5c24 448b | ac24 dc00 
  0x00000234dd74cce8: 0000 e98f | fbff ff4c | 8b4c 2450 | 488b 4c24 | 484d 8d59 | 2441 807f | 4800 0f85 | b314 0000 
  0x00000234dd74cd08: 4c8b c145 | 8903 4d8b | d34c 33d1 | 49c1 ea14 | 0f84 2800 | 0000 4883 | f900 0f84 | 1e00 0000 
  0x00000234dd74cd28: 4d8b d349 | c1ea 0949 | b800 20b7 | e434 0200 | 004d 03d0 | 4180 3a02 | 0f85 d914 | 0000 e9e1 
  0x00000234dd74cd48: ;   {metadata({type array int})}
  0x00000234dd74cd48: fcff ff48 | baa0 4a18 | 1700 0000 | 0044 8bc5 | 4c8b 5424 | 504c 8954 | 2420 6690 

  0x00000234dd74cd64: ;   {runtime_call C2 Runtime new_array}
  0x00000234dd74cd64: c5f8 77e8 

  0x00000234dd74cd68: ; ImmutableOopMap {[32]=Oop [72]=Oop [80]=Oop [208]=Oop }
                      ;*newarray {reexecute=0 rethrow=0 return_oop=1}
                      ; - sun.awt.image.ImageRepresentation::setPixels@34 (line 535)
  0x00000234dd74cd68: f454 a8ff 

  0x00000234dd74cd6c: ;   {post_call_nop}
  0x00000234dd74cd6c: 0f1f 8400 | e409 0005 | 4c8b d0e9 | c5f8 ffff | 0f1f 4000 | 448b 5424 | 5444 8b4c | 2458 448b 
  0x00000234dd74cd8c: 5c24 4445 | 85db 0f8c | 140b 0000 | 448b 4424 | 4066 6690 | 4585 c00f | 8c46 0b00 | 0044 8b9c 
  0x00000234dd74cdac: 24dc 0000 | 0044 035c | 2444 453b | f30f 8274 | 0b00 0044 | 8b9c 24dc | 0000 0044 | 035c 2440 
  0x00000234dd74cdcc: 8b4c 245c | 413b cb0f | 829a 0b00 | 0044 8b9c | 24dc 0000 | 0045 85db | 7449 4489 | 4c24 5441 
  0x00000234dd74cdec: 8bfa 448b | 9424 d400 | 0000 4b8d | 5482 104c | 8b54 2420 | 448b 5c24 | 444b 8d4c | 9a10 4c8b 
  0x00000234dd74ce0c: 4424 28c5 

  0x00000234dd74ce10: ;   {runtime_call Stub::jint_arraycopy}
  0x00000234dd74ce10: f877 49ba | a023 0edd | 3402 0000 

  0x00000234dd74ce1c: ;   {post_call_nop}
  0x00000234dd74ce1c: 41ff d20f | 1f84 0000 | 0000 0044 | 8bd7 448b | 4c24 548b | 4c24 4403 | 8c24 e000 | 0000 8b7c 
  0x00000234dd74ce3c: 2450 ffc7 | 8b44 2440 | 0384 24d8 | 0000 0085 | c90f 8c65 | 0a00 0085 | c00f 8ca0 | 0a00 0044 
  0x00000234dd74ce5c: 894c 2458 | 4489 5424 | 5445 8bdd | 4403 5c24 | 4445 3bf3 | 0f82 c90a | 0000 448b | d544 0354 
  0x00000234dd74ce7c: 2440 448b | 5c24 5c45 | 3bda 0f82 | f30a 0000 | 448b 9424 | dc00 0000 | 4585 d274 | 3444 8b94 
  0x00000234dd74ce9c: 24d4 0000 | 0049 8d54 | 8210 4c8b | 5424 2049 | 8d4c 8a10 | 4c8b 4424 | 28c5 f877 

  0x00000234dd74ceb8: ;   {runtime_call Stub::jint_arraycopy}
  0x00000234dd74ceb8: 49ba a023 | 0edd 3402 | 0000 41ff 

  0x00000234dd74cec4: ;   {post_call_nop}
  0x00000234dd74cec4: d20f 1f84 | 0000 0000 | 0044 8b54 | 2440 4403 | d644 8954 | 2440 448b | 5c24 4444 | 035c 2458 
  0x00000234dd74cee4: 4489 5c24 | 4444 8b54 | 2450 4183 | c202 4489 | 5424 5066 | 0f1f 8400 | 0000 0000 | 443b d30f 
  0x00000234dd74cf04: 8c77 feff | ff4d 8b57 

  0x00000234dd74cf0c: ; ImmutableOopMap {[32]=Oop [48]=Oop [72]=Oop [96]=Oop [212]=NarrowOop }
                      ;*goto {reexecute=1 rethrow=0 return_oop=0}
                      ; - (reexecute) sun.awt.image.ImageRepresentation::setPixels@270 (line 574)
                      ;   {poll}
  0x00000234dd74cf0c: 3041 8502 | 448b 5c24 | 5044 3b5c | 2454 7d36 | 448b 5424 | 5444 8b4c | 2458 418b | da2b 5c24 
  0x00000234dd74cf2c: 5045 33c0 | 443b 5424 | 5041 0f4c | d881 fbd0 | 0700 0041 | bbd0 0700 | 0041 0f47 | db03 5c24 
  0x00000234dd74cf4c: 50e9 38fe | ffff 8b9c | 24d0 0000 | 004c 8b44 | 2420 8bbc | 24dc 0000 | 004c 8b5c | 2430 448b 
  0x00000234dd74cf6c: 8c24 d400 | 0000 8bb4 | 24d8 0000 | 008b 4c24 | 408b 4424 | 4444 8b6c | 2450 443b | eb0f 8d1c 
  0x00000234dd74cf8c: fdff ffeb | 0c66 6690 | 0384 24e0 | 0000 0003 | ce66 6690 | 85c0 0f8c | 0a0a 0000 | 85c9 0f8c 
  0x00000234dd74cfac: 020a 0000 | 8d14 0744 | 3bf2 0f82 | f609 0000 | 448d 140f | 8b54 245c | 413b d20f | 82e5 0900 
  0x00000234dd74cfcc: 0085 ff0f | 847b 0000 | 0044 896c | 2420 89b4 | 24d4 0000 | 004d 8beb | 8bef 498d | 5489 1089 
  0x00000234dd74cfec: 8c24 d800 | 0000 4489 | 8c24 d000 | 0000 498d | 4c80 1089 | 8424 dc00 | 0000 498b | f04c 8b44 
  0x00000234dd74d00c: ;   {other}
  0x00000234dd74d00c: 2428 c5f8 

  0x00000234dd74d010: ;   {runtime_call Stub::jint_arraycopy}
  0x00000234dd74d010: 7749 baa0 | 230e dd34 | 0200 0041 

  0x00000234dd74d01c: ;   {post_call_nop}
  0x00000234dd74d01c: ffd2 0f1f | 8400 0000 | 0000 4c8b | c68b fd4d | 8bdd 448b | 8c24 d000 | 0000 8bb4 | 24d4 0000 
  0x00000234dd74d03c: 008b 8c24 | d800 0000 | 8b84 24dc | 0000 0044 | 8b6c 2420 | 41ff c544 | 3beb 0f8c | 38ff ffff 
  0x00000234dd74d05c: 0f1f 4000 | e946 fcff | ff44 8b54 | 243c 453b | d17d 2748 | 63d7 4863 | 7424 3844 | 8b5c 243c 
  0x00000234dd74d07c: 4489 5c24 | 6044 8b94 | 24d8 0000 | 0044 8954 | 2464 4533 | c0e9 3702 | 0000 4c8b | 5424 5041 
  0x00000234dd74d09c: 834a 4808 | 8b5c 2444 | e9d5 f7ff | ff48 895c | 2448 4889 | 4c24 3044 | 894c 242c | 897c 2428 
  0x00000234dd74d0bc: 89ac 24dc | 0000 004c | 8954 2420 | 488b 6c24 | 5048 8bd5 

  0x00000234dd74d0d0: ;   {optimized virtual_call}
  0x00000234dd74d0d0: c5f8 77e8 

  0x00000234dd74d0d4: ; ImmutableOopMap {rbp=Oop [32]=Oop [72]=Oop [80]=Oop [208]=Oop }
                      ;*invokevirtual convertToRGB {reexecute=0 rethrow=0 return_oop=0}
                      ; - sun.awt.image.ImageRepresentation::setPixels@178 (line 564)
  0x00000234dd74d0d4: c89e 98f8 

  0x00000234dd74d0d8: ;   {post_call_nop}
  0x00000234dd74d0d8: 0f1f 8400 | 500d 0007 | 448b 5d24 | 448b 4520 | 4c8b 5424 | 208b ac24 | dc00 0000 | 8b7c 2428 
  0x00000234dd74d0f8: 448b 4c24 | 2c48 8b4c | 2430 488b | 5c24 48e9 | 68f9 ffff | 448b 5424 | 3c44 3b54 | 2420 0f8d 
  0x00000234dd74d118: b4fb ffff | 448b 9c24 | dc00 0000 | 418b cbff | c944 8994 | 2484 0000 | 0044 8b94 | 24d8 0000 
  0x00000234dd74d138: 0044 8994 | 2490 0000 | 00e9 d002 | 0000 6666 | 0f1f 8400 | 0000 0000 | 4c8b 9c24 | d800 0000 
  0x00000234dd74d158: 4c89 5c24 | 6844 8954 | 2470 448b | 4424 7044 | 0384 24a8 | 0000 0041 | 8be8 ffc5 | 4c8b 9424 
  0x00000234dd74d178: d000 0000 | 478b 4482 | 1048 8b94 | 2490 0000 | 004c 8b54 | 2478 4c89 | 9424 d800 | 0000 6690 
  0x00000234dd74d198: ;   {optimized virtual_call}
  0x00000234dd74d198: c5f8 77e8 

  0x00000234dd74d19c: ; ImmutableOopMap {[104]=Oop [120]=Oop [144]=Oop [208]=Oop [216]=Oop }
                      ;*invokevirtual getRGB {reexecute=0 rethrow=0 return_oop=0}
                      ; - sun.awt.image.ImageRepresentation::setPixels@409 (line 600)
  0x00000234dd74d19c: 401c 9bff 

  0x00000234dd74d1a0: ;   {post_call_nop}
  0x00000234dd74d1a0: 0f1f 8400 | 180e 0008 | 4c8b 9424 | d800 0000 | 458b 5224 | 498b d244 | 8bc0 4c8b | 4c24 684c 
  0x00000234dd74d1c0: 8b94 24d8 | 0000 004c | 8954 2450 | 6690 c5f8 | 7748 b8d0 | eea4 ee34 

  0x00000234dd74d1d8: ;   {virtual_call}
  0x00000234dd74d1d8: 0200 00e8 

  0x00000234dd74d1dc: ; ImmutableOopMap {[80]=Oop [120]=Oop [144]=Oop [208]=Oop }
                      ;*invokevirtual getDataElements {reexecute=0 rethrow=0 return_oop=1}
                      ; - sun.awt.image.ImageRepresentation::setPixels@422 (line 601)
  0x00000234dd74d1dc: 001f 9bff 

  0x00000234dd74d1e0: ;   {post_call_nop}
  0x00000234dd74d1e0: 0f1f 8400 | 580e 0009 | 4889 8424 | d800 0000 | 4c8b 5424 | 5045 8b52 | 2049 8bd2 | 448b 4424 
  0x00000234dd74d200: 7044 8b4c | 2460 488b | f84c 8b54 | 2450 4c89 | 5424 2066 | 6690 c5f8 | 7748 b8f8 | eea4 ee34 
  0x00000234dd74d220: ;   {virtual_call}
  0x00000234dd74d220: 0200 00e8 

  0x00000234dd74d224: ; ImmutableOopMap {[32]=Oop [120]=Oop [144]=Oop [208]=Oop [216]=Oop }
                      ;*invokevirtual setDataElements {reexecute=0 rethrow=0 return_oop=0}
                      ; - sun.awt.image.ImageRepresentation::setPixels@437 (line 602)
  0x00000234dd74d224: b81e 9bff 

  0x00000234dd74d228: ;   {post_call_nop}
  0x00000234dd74d228: 0f1f 8400 | a00e 000a | 448b 5424 | 7041 ffc2 | 0f1f 8400 | 0000 0000 | 443b 9424 | 8800 0000 
  0x00000234dd74d248: 0f8c 02ff | ffff 4c8b | 9424 d800 | 0000 4c8b | 5c24 204c | 895c 2450 | 448b 4424 | 7444 8944 
  0x00000234dd74d268: 2438 448b | 9c24 8000 | 0000 4489 | 5c24 3c8b | ac24 8400 | 0000 8bbc | 2488 0000 | 0044 8b8c 
  0x00000234dd74d288: 248c 0000 | 0048 8b9c | 2490 0000 | 0048 8b94 | 2498 0000 | 0048 8bb4 | 24a0 0000 | 004d 8bc2 
  0x00000234dd74d2a8: 448b 5424 | 6041 ffc2 | 453b d10f | 8ddd fdff | ff8b 4c24 | 6403 8c24 | e000 0000 | 4489 5424 
  0x00000234dd74d2c8: 6089 4c24 | 6444 8b5c | 2438 443b | df7d d148 | 8b8c 24d0 | 0000 0090 

  0x00000234dd74d2e0: ; implicit exception: dispatches to 0x00000234dd74db15
  0x00000234dd74d2e0: 448b 590c | 448b 5424 | 6444 2b54 | 2438 4963 | c34d 63ea | 4e8d 1c2e | 0f1f 8400 | 0000 0000 
  0x00000234dd74d300: 4c3b d80f | 830c 0800 | 004e 8d1c | 2a49 ffcb | 4c3b d80f | 83fc 0700 | 004c 8944 | 2468 448b 
  0x00000234dd74d320: 4424 3844 

  0x00000234dd74d324: ;   {other}
  0x00000234dd74d324: 8944 2470 | 4c8b 5c24 | 504c 895c | 2478 4489 | 4424 7444 | 8b44 243c | 4489 8424 | 8000 0000 
  0x00000234dd74d344: 89ac 2484 | 0000 0089 | bc24 8800 | 0000 4489 | 8c24 8c00 | 0000 4889 | 9c24 9000 | 0000 4889 
  0x00000234dd74d364: 9424 9800 | 0000 4889 | b424 a000 | 0000 4489 | 9424 a800 | 0000 e9e3 | fdff ff4c | 8b54 2430 
  0x00000234dd74d384: 898c 2498 | 0000 0044 | 8984 24dc | 0000 004c | 8954 2430 | 8b6c 243c | 488b 5424 | 6044 8b44 
  0x00000234dd74d3a4: 2438 448b | 8c24 8400 | 0000 8bbc | 24dc 0000 | 00be 0100 | 0000 498b | ca66 6690 

  0x00000234dd74d3c0: ;   {optimized virtual_call}
  0x00000234dd74d3c0: c5f8 77e8 

  0x00000234dd74d3c4: ; ImmutableOopMap {[48]=Oop [72]=Oop [88]=Oop [96]=Oop [208]=Oop }
                      ;*invokevirtual setDataElements {reexecute=0 rethrow=0 return_oop=0}
                      ; - sun.awt.image.ImageRepresentation::setPixels@339 (line 588)
  0x00000234dd74d3c4: 181a 9bff 

  0x00000234dd74d3c8: ;   {post_call_nop}
  0x00000234dd74d3c8: 0f1f 8400 | 4010 000b | 448b 9424 | 8400 0000 | 41ff c20f | 1f44 0000 | 443b 5424 | 200f 8d45 
  0x00000234dd74d3e8: 0100 0044 | 8b9c 2490 | 0000 0044 | 039c 24e0 | 0000 0044 | 8994 2484 | 0000 0089 | 6c24 3c8b 
  0x00000234dd74d408: 8c24 9800 | 0000 4489 | 9c24 9000 | 0000 448b | 8424 dc00 | 0000 6690 | 4585 c00f | 8e56 ffff 
  0x00000234dd74d428: ff4c 8b9c | 24d0 0000 | 0045 8b4b | 0c44 8b94 | 2490 0000 | 0066 6690 | 453b d10f | 833b 0700 
  0x00000234dd74d448: 004d 63c9 | 4863 bc24 | 9000 0000 | 488b df48 | 035c 2428 | 48ff cb90 | 493b d90f | 831b 0700 
  0x00000234dd74d468: 0045 85c0 | 0f84 1207 | 0000 3b8c | 24dc 0000 | 000f 8305 | 0700 0033 | db44 8b4c | 243c 4489 
  0x00000234dd74d488: 4c24 2448 | 8944 24f8 | 8b84 24dc | 0000 0089 | 8424 9400 | 0000 488b | 4424 f889 | 8c24 9800 
  0x00000234dd74d4a8: 0000 4889 | bc24 a000 | 0000 4c63 | d38b eb89 | 9c24 d800 | 0000 03ac | 2490 0000 

  0x00000234dd74d4c4: ;   {other}
  0x00000234dd74d4c4: 00ff c54c | 8954 2450 | 4c03 9424 | a000 0000 | 4c8b 9c24 | d000 0000 | 478b 4493 | 1048 8b54 
  0x00000234dd74d4e4: 2458 6690 

  0x00000234dd74d4e8: ;   {optimized virtual_call}
  0x00000234dd74d4e8: c5f8 77e8 

  0x00000234dd74d4ec: ; ImmutableOopMap {[48]=Oop [72]=Oop [88]=Oop [96]=Oop [208]=Oop }
                      ;*invokevirtual getRGB {reexecute=0 rethrow=0 return_oop=0}
                      ; - sun.awt.image.ImageRepresentation::setPixels@320 (line 586)
  0x00000234dd74d4ec: f018 9bff 

  0x00000234dd74d4f0: ;   {post_call_nop}
  0x00000234dd74d4f0: 0f1f 8400 | 6811 000c | 4c8b 5424 | 304c 8b5c | 2450 4389 | 449a 108b | 9c24 d800 | 0000 ffc3 
  0x00000234dd74d510: 3b9c 2494 | 0000 007c | 9944 8b5c | 2424 4489 | 5c24 3c44 | 8b84 2494 | 0000 00e9 | 5bfe ffff 
  0x00000234dd74d530: 896c 243c | e997 f7ff | ff8b 9c24 | d000 0000 | 8bea eb09 | 8b9c 24d0 | 0000 008b | eaba ccff 
  0x00000234dd74d550: ffff 4c8b | 4c24 504c | 898c 24d0 | 0000 0044 | 8b4c 2438 | 4489 8c24 | d800 0000 | 448b 4c24 
  0x00000234dd74d570: 3c44 898c | 24dc 0000 | 004c 8974 | 2430 895c | 243c 897c | 2450 4c89 | 5c24 5844 | 8954 2454 
  0x00000234dd74d590: 4489 4424 | 6089 7424 | 6466 6690 

  0x00000234dd74d59c: ;   {runtime_call UncommonTrapBlob}
  0x00000234dd74d59c: c5f8 77e8 

  0x00000234dd74d5a0: ; ImmutableOopMap {[48]=Oop [88]=Oop [96]=NarrowOop [208]=Oop }
                      ;*invokestatic arraycopy {reexecute=0 rethrow=0 return_oop=0}
                      ; - sun.awt.image.IntegerInterleavedRaster::setDataElements@105 (line 426)
                      ; - sun.awt.image.ImageRepresentation::setPixels@100 (line 551)
  0x00000234dd74d5a0: 3cee a7ff 

  0x00000234dd74d5a4: ;   {post_call_nop}
  0x00000234dd74d5a4: 0f1f 8400 | 1c12 000d | baf6 ffff | ff4c 8b54 | 2450 4c89 | 9424 d000 | 0000 899c | 24e0 0000 
  0x00000234dd74d5c4: 0066 6690 

  0x00000234dd74d5c8: ;   {runtime_call UncommonTrapBlob}
  0x00000234dd74d5c8: c5f8 77e8 

  0x00000234dd74d5cc: ; ImmutableOopMap {[208]=Oop }
                      ;*invokevirtual markDirty {reexecute=0 rethrow=0 return_oop=0}
                      ; - sun.awt.image.SunWritableRaster::markDirty@4 (line 137)
                      ; - sun.awt.image.IntegerInterleavedRaster::setDataElements@130 (line 431)
                      ; - sun.awt.image.ImageRepresentation::setPixels@100 (line 551)
  0x00000234dd74d5cc: 10ee a7ff 

  0x00000234dd74d5d0: ;   {post_call_nop}
  0x00000234dd74d5d0: 0f1f 8400 | 4812 000e | 4c8d 8424 | b000 0000 

  0x00000234dd74d5e0: ;   {runtime_call C2 Runtime complete_monitor_locking}
  0x00000234dd74d5e0: c5f8 77e8 

  0x00000234dd74d5e4: ; ImmutableOopMap {[72]=Oop [80]=Oop [208]=Oop }
                      ;*monitorenter {reexecute=0 rethrow=0 return_oop=0}
                      ; - sun.awt.image.ImageRepresentation::setPixels@8 (line 527)
  0x00000234dd74d5e4: 785e a8ff 

  0x00000234dd74d5e8: ;   {post_call_nop}
  0x00000234dd74d5e8: 0f1f 8400 | 6012 000f | e951 efff | ff48 8b4c | 2450 488d | 9424 b000 | 0000 4d8b | c7c5 f877 
  0x00000234dd74d608: ;   {runtime_call}
  0x00000234dd74d608: 49ba 80c3 | f067 fa7f | 0000 41ff 

  0x00000234dd74d614: ;   {post_call_nop}
  0x00000234dd74d614: d20f 1f84 | 0000 0000 | 0066 6690 | e9f6 f2ff | ffba deff | ffff 4489 | 9c24 d800 | 0000 4489 
  0x00000234dd74d634: 9424 dc00 | 0000 895c | 2424 6690 

  0x00000234dd74d640: ;   {runtime_call UncommonTrapBlob}
  0x00000234dd74d640: c5f8 77e8 

  0x00000234dd74d644: ; ImmutableOopMap {[80]=Oop [216]=NarrowOop [220]=NarrowOop }
                      ;*invokevirtual newInfo {reexecute=0 rethrow=0 return_oop=0}
                      ; - sun.awt.image.ImageWatched::newInfo@13 (line 170)
                      ; - sun.awt.image.ImageRepresentation::setPixels@506 (line 613)
  0x00000234dd74d644: 98ed a7ff 

  0x00000234dd74d648: ;   {post_call_nop}
  0x00000234dd74d648: 0f1f 8400 | c012 0010 | bade ffff | ff4c 8984 | 24d8 0000 | 0044 8b4c | 2438 448b | 4424 3c44 
  0x00000234dd74d668: 895c 242c | 4489 5424 | 3044 894c | 2434 4489 | 4424 3889 | 5c24 4090 

  0x00000234dd74d680: ;   {runtime_call UncommonTrapBlob}
  0x00000234dd74d680: c5f8 77e8 

  0x00000234dd74d684: ; ImmutableOopMap {[44]=NarrowOop [48]=NarrowOop [80]=Oop [216]=Oop }
                      ;*invokevirtual newInfo {reexecute=0 rethrow=0 return_oop=0}
                      ; - sun.awt.image.ImageWatched$WeakLink::newInfo@13 (line 127)
                      ; - sun.awt.image.ImageWatched::newInfo@13 (line 170)
                      ; - sun.awt.image.ImageRepresentation::setPixels@506 (line 613)
  0x00000234dd74d684: 58ed a7ff 

  0x00000234dd74d688: ;   {post_call_nop}
  0x00000234dd74d688: 0f1f 8400 | 0013 0011 | bade ffff | ff4c 8984 | 24d8 0000 | 0044 8994 | 24e0 0000 | 0089 5c24 
  0x00000234dd74d6a8: 2844 894c | 242c 6690 

  0x00000234dd74d6b0: ;   {runtime_call UncommonTrapBlob}
  0x00000234dd74d6b0: c5f8 77e8 

  0x00000234dd74d6b4: ; ImmutableOopMap {[44]=NarrowOop [80]=Oop [216]=Oop [224]=NarrowOop }
                      ;*invokevirtual get {reexecute=0 rethrow=0 return_oop=0}
                      ; - sun.awt.image.ImageWatched$WeakLink::newInfo@22 (line 128)
                      ; - sun.awt.image.ImageWatched::newInfo@13 (line 170)
                      ; - sun.awt.image.ImageRepresentation::setPixels@506 (line 613)
  0x00000234dd74d6b4: 28ed a7ff 

  0x00000234dd74d6b8: ;   {post_call_nop}
  0x00000234dd74d6b8: 0f1f 8400 | 3013 0012 | bae4 ffff | ff4c 8b54 | 2450 4c89 | 9424 d800 | 0000 448b | 4424 3844 
  0x00000234dd74d6d8: 8984 24e0 | 0000 0044 | 8b54 243c | 4489 5424 | 204c 8974 | 2438 8974 | 2448 4489 | 5c24 4c90 
  0x00000234dd74d6f8: ;   {runtime_call UncommonTrapBlob}
  0x00000234dd74d6f8: c5f8 77e8 

  0x00000234dd74d6fc: ; ImmutableOopMap {[56]=Oop [76]=NarrowOop [208]=Oop [216]=Oop }
                      ;*iaload {reexecute=0 rethrow=0 return_oop=0}
                      ; - sun.awt.image.IntegerInterleavedRaster::setDataElements@77 (line 422)
                      ; - sun.awt.image.ImageRepresentation::setPixels@100 (line 551)
  0x00000234dd74d6fc: e0ec a7ff 

  0x00000234dd74d700: ;   {post_call_nop}
  0x00000234dd74d700: 0f1f 8400 | 7813 0013 | ba45 ffff | ff41 8beb 

  0x00000234dd74d710: ;   {runtime_call UncommonTrapBlob}
  0x00000234dd74d710: c5f8 77e8 

  0x00000234dd74d714: ; ImmutableOopMap {}
                      ;*ifne {reexecute=1 rethrow=0 return_oop=0}
                      ; - (reexecute) sun.awt.image.ImageRepresentation::setPixels@491 (line 612)
  0x00000234dd74d714: c8ec a7ff 

  0x00000234dd74d718: ;   {post_call_nop}
  0x00000234dd74d718: 0f1f 8400 | 9013 0014 | ba45 ffff | ff4c 8b5c | 2450 4c89 | 9c24 d800 | 0000 448b | 4c24 3844 
  0x00000234dd74d738: 894c 2420 | 448b 5c24 | 3c44 895c | 2424 448b | 4c24 4444 | 894c 2428 | 4c89 5424 | 384c 8974 
  0x00000234dd74d758: 2440 4489 | 4424 4890 

  0x00000234dd74d760: ;   {runtime_call UncommonTrapBlob}
  0x00000234dd74d760: c5f8 77e8 

  0x00000234dd74d764: ; ImmutableOopMap {[56]=Oop [64]=Oop [208]=Oop [216]=Oop }
                      ;*ifne {reexecute=1 rethrow=0 return_oop=0}
                      ; - (reexecute) sun.awt.image.ImageRepresentation::setPixels@82 (line 550)
  0x00000234dd74d764: 78ec a7ff 

  0x00000234dd74d768: ;   {post_call_nop}
  0x00000234dd74d768: 0f1f 8400 | e013 0015 | ba45 ffff | ff4c 8b44 | 2450 4c89 | 8424 d800 | 0000 448b | 4c24 3844 
  0x00000234dd74d788: 898c 24e0 | 0000 0044 | 8b44 243c | 4489 4424 | 2044 8b44 | 2444 4489 | 4424 244c | 8954 2438 
  0x00000234dd74d7a8: 4c89 7424 | 4044 895c | 242c 6690 

  0x00000234dd74d7b4: ;   {runtime_call UncommonTrapBlob}
  0x00000234dd74d7b4: c5f8 77e8 

  0x00000234dd74d7b8: ; ImmutableOopMap {[56]=Oop [64]=Oop [208]=Oop [216]=Oop }
                      ;*if_icmpne {reexecute=1 rethrow=0 return_oop=0}
                      ; - (reexecute) sun.awt.image.ImageRepresentation::setPixels@88 (line 550)
  0x00000234dd74d7b8: 24ec a7ff 

  0x00000234dd74d7bc: ;   {post_call_nop}
  0x00000234dd74d7bc: 0f1f 8400 | 3414 0016 | ba45 ffff | ff4c 8b54 | 2450 4c89 | 9424 d000 | 0000 448b | 5424 3844 
  0x00000234dd74d7dc: 8994 24d8 | 0000 0089 | 5c24 3490 

  0x00000234dd74d7e8: ;   {runtime_call UncommonTrapBlob}
  0x00000234dd74d7e8: c5f8 77e8 

  0x00000234dd74d7ec: ; ImmutableOopMap {[208]=Oop }
                      ;*if_icmplt {reexecute=1 rethrow=0 return_oop=0}
                      ; - (reexecute) sun.awt.image.IntegerInterleavedRaster::setDataElements@5 (line 416)
                      ; - sun.awt.image.ImageRepresentation::setPixels@100 (line 551)
  0x00000234dd74d7ec: f0eb a7ff 

  0x00000234dd74d7f0: ;   {post_call_nop}
  0x00000234dd74d7f0: 0f1f 8400 | 6814 0017 | ba45 ffff | ff4c 8b5c | 2450 4c89 | 9c24 d000 | 0000 448b | 5c24 3c44 
  0x00000234dd74d810: 899c 24dc | 0000 0044 | 8954 2434 

  0x00000234dd74d81c: ;   {runtime_call UncommonTrapBlob}
  0x00000234dd74d81c: c5f8 77e8 

  0x00000234dd74d820: ; ImmutableOopMap {[208]=Oop }
                      ;*if_icmplt {reexecute=1 rethrow=0 return_oop=0}
                      ; - (reexecute) sun.awt.image.IntegerInterleavedRaster::setDataElements@13 (line 416)
                      ; - sun.awt.image.ImageRepresentation::setPixels@100 (line 551)
  0x00000234dd74d820: bceb a7ff 

  0x00000234dd74d824: ;   {post_call_nop}
  0x00000234dd74d824: 0f1f 8400 | 9c14 0018 | ba45 ffff | ff4c 8984 | 24d0 0000 | 0044 898c | 24d8 0000 | 0066 6690 
  0x00000234dd74d844: ;   {runtime_call UncommonTrapBlob}
  0x00000234dd74d844: c5f8 77e8 

  0x00000234dd74d848: ; ImmutableOopMap {[80]=Oop [208]=Oop }
                      ;*ifeq {reexecute=1 rethrow=0 return_oop=0}
                      ; - (reexecute) java.awt.ImageMediaEntry::imageUpdate@4 (line 1000)
                      ; - sun.awt.image.ImageWatched$WeakLink::newInfo@52 (line 132)
                      ; - sun.awt.image.ImageWatched::newInfo@13 (line 170)
                      ; - sun.awt.image.ImageRepresentation::setPixels@506 (line 613)
  0x00000234dd74d848: 94eb a7ff 

  0x00000234dd74d84c: ;   {post_call_nop}
  0x00000234dd74d84c: 0f1f 8400 | c414 0019 | ba45 ffff | ff4c 8b54 | 2450 4c89 | 9424 d000 | 0000 897c | 2430 4489 
  0x00000234dd74d86c: 5c24 3490 

  0x00000234dd74d870: ;   {runtime_call UncommonTrapBlob}
  0x00000234dd74d870: c5f8 77e8 

  0x00000234dd74d874: ; ImmutableOopMap {[208]=Oop }
                      ;*if_icmpgt {reexecute=1 rethrow=0 return_oop=0}
                      ; - (reexecute) sun.awt.image.IntegerInterleavedRaster::setDataElements@23 (line 416)
                      ; - sun.awt.image.ImageRepresentation::setPixels@100 (line 551)
  0x00000234dd74d874: 68eb a7ff 

  0x00000234dd74d878: ;   {post_call_nop}
  0x00000234dd74d878: 0f1f 8400 | f014 001a | ba45 ffff | ff4c 8b54 | 2450 4c89 | 9424 d000 | 0000 4489 | 4c24 3044 
  0x00000234dd74d898: 895c 2434 

  0x00000234dd74d89c: ;   {runtime_call UncommonTrapBlob}
  0x00000234dd74d89c: c5f8 77e8 

  0x00000234dd74d8a0: ; ImmutableOopMap {[208]=Oop }
                      ;*if_icmple {reexecute=1 rethrow=0 return_oop=0}
                      ; - (reexecute) sun.awt.image.IntegerInterleavedRaster::setDataElements@34 (line 416)
                      ; - sun.awt.image.ImageRepresentation::setPixels@100 (line 551)
  0x00000234dd74d8a0: 3ceb a7ff 

  0x00000234dd74d8a4: ;   {post_call_nop}
  0x00000234dd74d8a4: 0f1f 8400 | 1c15 001b | 8b44 2440 | 8b7c 2450 | 8b4c 2444 | 8b9c 24d0 | 0000 004c | 8b44 2420 
  0x00000234dd74d8c4: 4c8b 5c24 | 3044 8b8c | 24d4 0000 | 008b b424 | d800 0000 | 8bef 8bd1 | 8bbc 24dc | 0000 008b 
  0x00000234dd74d8e4: c88b c244 | 8bed e9c3 | 0000 008b | 4424 408b | 7c24 508b | 4c24 448b | 9c24 d000 | 0000 4c8b 
  0x00000234dd74d904: 4424 204c | 8b5c 2430 | 448b 8c24 | d400 0000 | 8bb4 24d8 | 0000 0044 | 8bd7 8be9 | 8bbc 24dc 
  0x00000234dd74d924: 0000 008b | c88b c545 | 8bea e97f | 0000 008b | 4424 408b | 7c24 508b | 4c24 448b | 9c24 d000 
  0x00000234dd74d944: 0000 4c8b | 4424 204c | 8b5c 2430 | 448b 8c24 | d400 0000 | 8bb4 24d8 | 0000 008b | ef8b d18b 
  0x00000234dd74d964: bc24 dc00 | 0000 8bc8 | 8bc2 448b | edeb 3f8b | 4424 408b | 7c24 508b | 4c24 448b | 9c24 d000 
  0x00000234dd74d984: 0000 4c8b | 4424 204c | 8b5c 2430 | 448b 8c24 | d400 0000 | 8bb4 24d8 | 0000 0044 

  0x00000234dd74d9a0: ;   {other}
  0x00000234dd74d9a0: 8bd7 8be9 | 8bbc 24dc | 0000 008b | c88b c545 | 8bea bacc | ffff ff4c | 8b54 2448 | 4c89 9424 
  0x00000234dd74d9c0: d000 0000 | 8b6c 2438 | 448b 5424 | 3c44 8994 | 24d8 0000 | 0089 5c24 | 204c 8944 | 2438 897c 
  0x00000234dd74d9e0: 2424 4489 | 6c24 4c4c | 895c 2450 | 8974 245c | 8944 2464 | 4489 4c24 | 6889 4c24 | 6c66 6690 
  0x00000234dd74da00: ;   {runtime_call UncommonTrapBlob}
  0x00000234dd74da00: c5f8 77e8 

  0x00000234dd74da04: ; ImmutableOopMap {[56]=Oop [80]=Oop [104]=NarrowOop [208]=Oop }
                      ;*invokestatic arraycopy {reexecute=0 rethrow=0 return_oop=0}
                      ; - sun.awt.image.ImageRepresentation::setPixels@250 (line 575)
  0x00000234dd74da04: d8e9 a7ff 

  0x00000234dd74da08: ;   {post_call_nop}
  0x00000234dd74da08: 0f1f 8400 | 8016 001c | baf6 ffff | ff66 6690 

  0x00000234dd74da18: ;   {runtime_call UncommonTrapBlob}
  0x00000234dd74da18: c5f8 77e8 

  0x00000234dd74da1c: ; ImmutableOopMap {}
                      ;*invokevirtual clear {reexecute=0 rethrow=0 return_oop=0}
                      ; - sun.awt.image.ImageWatched$WeakLink::newInfo@64 (line 135)
                      ; - sun.awt.image.ImageWatched::newInfo@13 (line 170)
                      ; - sun.awt.image.ImageRepresentation::setPixels@506 (line 613)
  0x00000234dd74da1c: c0e9 a7ff 

  0x00000234dd74da20: ;   {post_call_nop}
  0x00000234dd74da20: 0f1f 8400 | 9816 001d | bade ffff | ff4c 8b5c | 2450 4c89 | 5c24 2044 | 8b44 2438 | 4489 8424 
  0x00000234dd74da40: dc00 0000 | 448b 5c24 | 3c44 895c | 2428 448b | 4424 4444 | 8944 242c | 4c89 5424 | 4066 6690 
  0x00000234dd74da60: ;   {runtime_call UncommonTrapBlob}
  0x00000234dd74da60: c5f8 77e8 

  0x00000234dd74da64: ; ImmutableOopMap {[32]=Oop [64]=Oop [72]=Oop [208]=Oop }
                      ;*invokevirtual getTransparency {reexecute=0 rethrow=0 return_oop=0}
                      ; - sun.awt.image.ImageRepresentation::setPixels@159 (line 562)
  0x00000234dd74da64: 78e9 a7ff 

  0x00000234dd74da68: ;   {post_call_nop}
  0x00000234dd74da68: 0f1f 8400 | e016 001e | bade ffff | ff4c 8b4c | 2450 4c89 | 4c24 2044 | 8b4c 2438 | 4489 8c24 
  0x00000234dd74da88: dc00 0000 | 8b4c 243c | 894c 2428 | 8b4c 2444 | 894c 242c | 4c89 5424 | 3844 895c | 2440 4889 
  0x00000234dd74daa8: 7c24 5844 | 8944 2444 | 4889 5c24 | 6066 6690 

  0x00000234dd74dab8: ;   {runtime_call UncommonTrapBlob}
  0x00000234dd74dab8: c5f8 77e8 

  0x00000234dd74dabc: ; ImmutableOopMap {[32]=Oop [56]=Oop [64]=NarrowOop [68]=NarrowOop [88]=Oop [96]=Oop [208]=Oop }
                      ;*invokevirtual equals {reexecute=0 rethrow=0 return_oop=0}
                      ; - sun.awt.image.ImageRepresentation::setPixels@210 (line 571)
  0x00000234dd74dabc: 20e9 a7ff 

  0x00000234dd74dac0: ;   {post_call_nop}
  0x00000234dd74dac0: 0f1f 8400 | 3817 001f | 41bd 0100 | 0000 e9b3 | f4ff ff8b | c18b 8c24 | d800 0000 | 33ff 6690 
  0x00000234dd74dae0: e9f3 fdff | ff8b c18b | 8c24 d800 | 0000 33ff | e926 feff | ff8b c18b | 8c24 d800 | 0000 33ff 
  0x00000234dd74db00: e95a feff | ff8b c18b | 8c24 d800 | 0000 33ff | e98a feff | ffba 6eff | ffff 448b | 5c24 3c44 
  0x00000234dd74db20: 899c 24dc | 0000 0044 | 8b54 2444 | 4489 5424 | 2048 894c | 2428 4c8b | 5424 504c | 8954 2430 
  0x00000234dd74db40: 897c 243c | 4c8b 5424 | 504c 8954 | 2440 4889 | 5c24 4844 | 8b5c 2464 | 4489 5c24 | 5444 8b5c 
  0x00000234dd74db60: 2460 4489 | 5c24 584c | 8944 2460 

  0x00000234dd74db6c: ;   {runtime_call UncommonTrapBlob}
  0x00000234dd74db6c: c5f8 77e8 

  0x00000234dd74db70: ; ImmutableOopMap {[40]=Oop [48]=Oop [64]=Oop [72]=Oop [96]=Oop }
                      ;*if_icmpge {reexecute=1 rethrow=0 return_oop=0}
                      ; - (reexecute) sun.awt.image.ImageRepresentation::setPixels@396 (line 599)
  0x00000234dd74db70: 6ce8 a7ff 

  0x00000234dd74db74: ;   {post_call_nop}
  0x00000234dd74db74: 0f1f 8400 | ec17 0020 | 448b 9424 | 9000 0000 | ba6e ffff | ff48 8b6c | 2448 8b4c | 2438 898c 
  0x00000234dd74db94: 24d0 0000 | 008b 4c24 | 3c89 8c24 | d400 0000 | 448b 4c24 | 4444 898c | 24dc 0000 | 004c 895c 
  0x00000234dd74dbb4: 2420 4489 | 4424 384c | 8b5c 2458 | 4c89 5c24 | 4844 8954 | 2450 6690 

  0x00000234dd74dbcc: ;   {runtime_call UncommonTrapBlob}
  0x00000234dd74dbcc: c5f8 77e8 

  0x00000234dd74dbd0: ; ImmutableOopMap {rbp=Oop [32]=Oop [48]=Oop [72]=Oop [96]=Oop }
                      ;*if_icmpge {reexecute=1 rethrow=0 return_oop=0}
                      ; - (reexecute) sun.awt.image.ImageRepresentation::setPixels@303 (line 585)
  0x00000234dd74dbd0: 0ce8 a7ff 

  0x00000234dd74dbd4: ;   {post_call_nop}
  0x00000234dd74dbd4: 0f1f 8400 | 4c18 0021 | bade ffff | ff4c 8b44 | 2450 4c89 | 4424 2044 | 8b4c 2438 | 4489 8c24 
  0x00000234dd74dbf4: dc00 0000 | 448b 4424 | 3c44 8944 | 2428 448b | 4c24 4444 | 894c 242c | 4c8b 4424 | 484c 8944 
  0x00000234dd74dc14: 2430 4c89 | 5424 4844 | 895c 243c 

  0x00000234dd74dc20: ;   {runtime_call UncommonTrapBlob}
  0x00000234dd74dc20: c5f8 77e8 

  0x00000234dd74dc24: ; ImmutableOopMap {[32]=Oop [48]=Oop [60]=NarrowOop [72]=Oop [208]=Oop }
                      ;*instanceof {reexecute=0 rethrow=0 return_oop=0}
                      ; - sun.awt.image.ImageRepresentation::setPixels@42 (line 539)
  0x00000234dd74dc24: b8e7 a7ff 

  0x00000234dd74dc28: ;   {post_call_nop}
  0x00000234dd74dc28: 0f1f 8400 | a018 0022 | bade ffff | ff4c 8b5c | 2450 4c89 | 5c24 2044 | 8b4c 2438 | 4489 8c24 
  0x00000234dd74dc48: dc00 0000 | 448b 5c24 | 3c44 895c | 2428 4c89 | 5424 3844 | 8944 2440 | 4889 5c24 | 5066 6690 
  0x00000234dd74dc68: ;   {runtime_call UncommonTrapBlob}
  0x00000234dd74dc68: c5f8 77e8 

  0x00000234dd74dc6c: ; ImmutableOopMap {[32]=Oop [56]=Oop [64]=NarrowOop [80]=Oop [208]=Oop }
                      ;*checkcast {reexecute=0 rethrow=0 return_oop=0}
                      ; - sun.awt.image.ImageRepresentation::setPixels@192 (line 568)
  0x00000234dd74dc6c: 70e7 a7ff 

  0x00000234dd74dc70: ;   {post_call_nop}
  0x00000234dd74dc70: 0f1f 8400 | e818 0023 | bade ffff | ff4c 8b5c | 2450 4c89 | 5c24 2044 | 8b4c 2438 | 4489 8c24 
  0x00000234dd74dc90: dc00 0000 | 448b 5c24 | 3c44 895c | 2428 448b | 5c24 4444 | 895c 242c | 4c8b 5c24 | 484c 895c 
  0x00000234dd74dcb0: 2430 4c89 | 5424 4844 | 8944 243c 

  0x00000234dd74dcbc: ;   {runtime_call UncommonTrapBlob}
  0x00000234dd74dcbc: c5f8 77e8 

  0x00000234dd74dcc0: ; ImmutableOopMap {[32]=Oop [48]=Oop [60]=NarrowOop [72]=Oop [208]=Oop }
                      ;*instanceof {reexecute=0 rethrow=0 return_oop=0}
                      ; - sun.awt.image.ImageRepresentation::setPixels@65 (line 545)
  0x00000234dd74dcc0: 1ce7 a7ff 

  0x00000234dd74dcc4: ;   {post_call_nop}
  0x00000234dd74dcc4: 0f1f 8400 | 3c19 0024 | bade ffff | ff4c 8984 | 24d8 0000 | 0044 8994 | 24e0 0000 | 0089 5c24 
  0x00000234dd74dce4: 2844 895c | 242c 6690 

  0x00000234dd74dcec: ;   {runtime_call UncommonTrapBlob}
  0x00000234dd74dcec: c5f8 77e8 

  0x00000234dd74dcf0: ; ImmutableOopMap {[44]=NarrowOop [80]=Oop [216]=Oop [224]=NarrowOop }
                      ;*checkcast {reexecute=0 rethrow=0 return_oop=0}
                      ; - sun.awt.image.ImageWatched$WeakLink::newInfo@25 (line 128)
                      ; - sun.awt.image.ImageWatched::newInfo@13 (line 170)
                      ; - sun.awt.image.ImageRepresentation::setPixels@506 (line 613)
  0x00000234dd74dcf0: ece6 a7ff 

  0x00000234dd74dcf4: ;   {post_call_nop}
  0x00000234dd74dcf4: 0f1f 8400 | 6c19 0025 | baf6 ffff | ff4c 8b44 | 2450 4c89 | 8424 d000 | 0000 448b | 4c24 3844 
  0x00000234dd74dd14: 898c 24d8 | 0000 0044 | 8b44 243c | 4489 8424 | dc00 0000 | 899c 24e0 | 0000 004c | 895c 2430 
  0x00000234dd74dd34: 4489 5424 | 3889 7424 | 3c66 6690 

  0x00000234dd74dd40: ;   {runtime_call UncommonTrapBlob}
  0x00000234dd74dd40: c5f8 77e8 

  0x00000234dd74dd44: ; ImmutableOopMap {[48]=Oop [208]=Oop }
                      ;*invokestatic arraycopy {reexecute=0 rethrow=0 return_oop=0}
                      ; - sun.awt.image.IntegerInterleavedRaster::setDataElements@105 (line 426)
                      ; - sun.awt.image.ImageRepresentation::setPixels@100 (line 551)
  0x00000234dd74dd44: 98e6 a7ff 

  0x00000234dd74dd48: ;   {post_call_nop}
  0x00000234dd74dd48: 0f1f 8400 | c019 0026 | baf4 ffff | ff4c 8b5c | 2450 4c89 | 5c24 2044 | 8b5c 2438 | 4489 9c24 
  0x00000234dd74dd68: dc00 0000 | 448b 5c24 | 4444 895c | 242c 4c8b | 5c24 484c | 895c 2430 | 4c89 5424 | 4866 6690 
  0x00000234dd74dd88: ;   {runtime_call UncommonTrapBlob}
  0x00000234dd74dd88: c5f8 77e8 

  0x00000234dd74dd8c: ; ImmutableOopMap {[32]=Oop [48]=Oop [72]=Oop [208]=Oop }
                      ;*instanceof {reexecute=0 rethrow=0 return_oop=0}
                      ; - sun.awt.image.ImageRepresentation::setPixels@42 (line 539)
  0x00000234dd74dd8c: 50e6 a7ff 

  0x00000234dd74dd90: ;   {post_call_nop}
  0x00000234dd74dd90: 0f1f 8400 | 081a 0027 | baf6 ffff | ff44 8994 | 24d0 0000 | 0089 9c24 | dc00 0000 

  0x00000234dd74ddac: ;   {runtime_call UncommonTrapBlob}
  0x00000234dd74ddac: c5f8 77e8 

  0x00000234dd74ddb0: ; ImmutableOopMap {[208]=NarrowOop }
                      ;*invokevirtual newInfo {reexecute=0 rethrow=0 return_oop=0}
                      ; - sun.awt.image.ImageWatched::newInfo@13 (line 170)
                      ; - sun.awt.image.ImageRepresentation::setPixels@506 (line 613)
  0x00000234dd74ddb0: 2ce6 a7ff 

  0x00000234dd74ddb4: ;   {post_call_nop}
  0x00000234dd74ddb4: 0f1f 8400 | 2c1a 0028 | baf6 ffff | ff44 8994 | 24d0 0000 | 0089 9c24 | dc00 0000 

  0x00000234dd74ddd0: ;   {runtime_call UncommonTrapBlob}
  0x00000234dd74ddd0: c5f8 77e8 

  0x00000234dd74ddd4: ; ImmutableOopMap {[208]=NarrowOop }
                      ;*invokevirtual newInfo {reexecute=0 rethrow=0 return_oop=0}
                      ; - sun.awt.image.ImageWatched$WeakLink::newInfo@13 (line 127)
                      ; - sun.awt.image.ImageWatched::newInfo@13 (line 170)
                      ; - sun.awt.image.ImageRepresentation::setPixels@506 (line 613)
  0x00000234dd74ddd4: 08e6 a7ff 

  0x00000234dd74ddd8: ;   {post_call_nop}
  0x00000234dd74ddd8: 0f1f 8400 | 501a 0029 | baf6 ffff | ff66 6690 

  0x00000234dd74dde8: ;   {runtime_call UncommonTrapBlob}
  0x00000234dd74dde8: c5f8 77e8 

  0x00000234dd74ddec: ; ImmutableOopMap {}
                      ;*invokevirtual get {reexecute=0 rethrow=0 return_oop=0}
                      ; - sun.awt.image.ImageWatched$WeakLink::newInfo@22 (line 128)
                      ; - sun.awt.image.ImageWatched::newInfo@13 (line 170)
                      ; - sun.awt.image.ImageRepresentation::setPixels@506 (line 613)
  0x00000234dd74ddec: f0e5 a7ff 

  0x00000234dd74ddf0: ;   {post_call_nop}
  0x00000234dd74ddf0: 0f1f 8400 | 681a 002a | baf4 ffff | ff4c 8984 | 24d8 0000 | 0044 8994 | 24e0 0000 | 0089 5c24 
  0x00000234dd74de10: 2866 6690 

  0x00000234dd74de14: ;   {runtime_call UncommonTrapBlob}
  0x00000234dd74de14: c5f8 77e8 

  0x00000234dd74de18: ; ImmutableOopMap {[80]=Oop [216]=Oop [224]=NarrowOop }
                      ;*checkcast {reexecute=0 rethrow=0 return_oop=0}
                      ; - sun.awt.image.ImageWatched$WeakLink::newInfo@25 (line 128)
                      ; - sun.awt.image.ImageWatched::newInfo@13 (line 170)
                      ; - sun.awt.image.ImageRepresentation::setPixels@506 (line 613)
  0x00000234dd74de18: c4e5 a7ff 

  0x00000234dd74de1c: ;   {post_call_nop}
  0x00000234dd74de1c: 0f1f 8400 | 941a 002b | baf4 ffff | ff4c 8b5c | 2450 4c89 | 5c24 2044 | 8b5c 2438 | 4489 9c24 
  0x00000234dd74de3c: dc00 0000 | 448b 4424 | 4444 8944 | 242c 4c8b | 5c24 484c | 895c 2430 | 4c89 5424 | 4866 6690 
  0x00000234dd74de5c: ;   {runtime_call UncommonTrapBlob}
  0x00000234dd74de5c: c5f8 77e8 

  0x00000234dd74de60: ; ImmutableOopMap {[32]=Oop [48]=Oop [72]=Oop [208]=Oop }
                      ;*instanceof {reexecute=0 rethrow=0 return_oop=0}
                      ; - sun.awt.image.ImageRepresentation::setPixels@65 (line 545)
  0x00000234dd74de60: 7ce5 a7ff 

  0x00000234dd74de64: ;   {post_call_nop}
  0x00000234dd74de64: 0f1f 8400 | dc1a 002c | baf6 ffff | ff4c 8b54 | 2450 4c89 | 9424 d000 | 0000 6690 

  0x00000234dd74de80: ;   {runtime_call UncommonTrapBlob}
  0x00000234dd74de80: c5f8 77e8 

  0x00000234dd74de84: ; ImmutableOopMap {[208]=Oop }
                      ;*iaload {reexecute=0 rethrow=0 return_oop=0}
                      ; - sun.awt.image.IntegerInterleavedRaster::setDataElements@77 (line 422)
                      ; - sun.awt.image.ImageRepresentation::setPixels@100 (line 551)
  0x00000234dd74de84: 58e5 a7ff 

  0x00000234dd74de88: ;   {post_call_nop}
  0x00000234dd74de88: 0f1f 8400 | 001b 002d | ba6e ffff | ff4c 8b54 | 2450 4c89 | 9424 d000 | 0000 448b | 5424 3844 
  0x00000234dd74dea8: 8994 24d8 | 0000 0044 | 8b44 243c | 4489 8424 | dc00 0000 | 4c89 7424 | 3089 5c24 | 3c4c 895c 
  0x00000234dd74dec8: 2440 8974 | 2448 895c | 244c 6690 

  0x00000234dd74ded4: ;   {runtime_call UncommonTrapBlob}
  0x00000234dd74ded4: c5f8 77e8 

  0x00000234dd74ded8: ; ImmutableOopMap {[48]=Oop [64]=Oop [208]=Oop }
                      ;*if_icmpge {reexecute=1 rethrow=0 return_oop=0}
                      ; - (reexecute) sun.awt.image.IntegerInterleavedRaster::setDataElements@91 (line 425)
                      ; - sun.awt.image.ImageRepresentation::setPixels@100 (line 551)
  0x00000234dd74ded8: 04e5 a7ff 

  0x00000234dd74dedc: ;   {post_call_nop}
  0x00000234dd74dedc: 0f1f 8400 | 541b 002e | 488b d0c5 | f877 4881 | c4c0 0000 

  0x00000234dd74def0: ;   {runtime_call C2 Runtime rethrow}
  0x00000234dd74def0: 005d e969 | 72a8 ffba | f6ff ffff | 4c8b 5c24 | 504c 895c | 2420 448b | 5c24 3844 | 899c 24dc 
  0x00000234dd74df10: 0000 0044 | 8b5c 243c | 4489 5c24 | 2844 8b44 | 2444 4489 | 4424 2c4c | 8954 2438 

  0x00000234dd74df2c: ;   {runtime_call UncommonTrapBlob}
  0x00000234dd74df2c: c5f8 77e8 

  0x00000234dd74df30: ; ImmutableOopMap {[32]=Oop [56]=Oop [208]=Oop }
                      ;*invokevirtual getTransparency {reexecute=0 rethrow=0 return_oop=0}
                      ; - sun.awt.image.ImageRepresentation::setPixels@159 (line 562)
  0x00000234dd74df30: ace4 a7ff 

  0x00000234dd74df34: ;   {post_call_nop}
  0x00000234dd74df34: 0f1f 8400 | ac1b 002f | baf4 ffff | ff4c 8b5c | 2450 4c89 | 5c24 2044 | 8b5c 2438 | 4489 9c24 
  0x00000234dd74df54: dc00 0000 | 448b 5c24 | 3c44 895c | 2428 448b | 4424 4444 | 8944 242c | 4c89 5424 | 3848 895c 
  0x00000234dd74df74: 2448 6690 

  0x00000234dd74df78: ;   {runtime_call UncommonTrapBlob}
  0x00000234dd74df78: c5f8 77e8 

  0x00000234dd74df7c: ; ImmutableOopMap {[32]=Oop [56]=Oop [72]=Oop [208]=Oop }
                      ;*checkcast {reexecute=0 rethrow=0 return_oop=0}
                      ; - sun.awt.image.ImageRepresentation::setPixels@192 (line 568)
  0x00000234dd74df7c: 60e4 a7ff 

  0x00000234dd74df80: ;   {post_call_nop}
  0x00000234dd74df80: 0f1f 8400 | f81b 0030 | baf6 ffff | ff4c 8b5c | 2450 4c89 | 5c24 2044 | 8b5c 2438 | 4489 9c24 
  0x00000234dd74dfa0: dc00 0000 | 448b 4c24 | 3c44 894c | 2428 448b | 5c24 4444 | 895c 242c | 4c89 5424 | 3848 897c 
  0x00000234dd74dfc0: 2450 4489 | 4424 5848 | 895c 2460 

  0x00000234dd74dfcc: ;   {runtime_call UncommonTrapBlob}
  0x00000234dd74dfcc: c5f8 77e8 

  0x00000234dd74dfd0: ; ImmutableOopMap {[32]=Oop [56]=Oop [80]=Oop [88]=NarrowOop [96]=Oop [208]=Oop }
                      ;*invokevirtual equals {reexecute=0 rethrow=0 return_oop=0}
                      ; - sun.awt.image.ImageRepresentation::setPixels@210 (line 571)
  0x00000234dd74dfd0: 0ce4 a7ff 

  0x00000234dd74dfd4: ;   {post_call_nop}
  0x00000234dd74dfd4: 0f1f 8400 | 4c1c 0031 | 4889 8424 | d000 0000 | e9a1 0000 | 0048 8984 | 24d0 0000 | 004c 8b54 
  0x00000234dd74dff4: 2448 4c89 | 5424 500f | 1f44 0000 | e985 0000 | 0048 8984 | 24d0 0000 | 00e9 7800 | 0000 4889 
  0x00000234dd74e014: 8424 d000 | 0000 4889 | 6c24 5090 | e965 0000 | 0048 8984 | 24d0 0000 | 0048 896c | 2450 e953 
  0x00000234dd74e034: 0000 0048 | 8984 24d0 | 0000 004c | 8b54 2448 | 4c89 5424 | 50eb 3f48 | 8984 24d0 | 0000 004c 
  0x00000234dd74e054: 8b54 2420 | 4c89 5424 | 50eb 2b48 | 8984 24d0 | 0000 00eb | 2148 8984 | 24d0 0000 | 004c 8b94 
  0x00000234dd74e074: 24d8 0000 | 004c 8954 | 2450 6690 | eb08 4889 | 8424 d000 | 0000 488b | 6c24 50ba | 95ff ffff 
  0x00000234dd74e094: ;   {runtime_call UncommonTrapBlob}
  0x00000234dd74e094: c5f8 77e8 

  0x00000234dd74e098: ; ImmutableOopMap {rbp=Oop [80]=Oop [208]=Oop }
                      ;*astore {reexecute=0 rethrow=0 return_oop=0}
                      ; - sun.awt.image.ImageRepresentation::setPixels@476 (line 608)
  0x00000234dd74e098: 44e3 a7ff 

  0x00000234dd74e09c: ;   {post_call_nop}
  0x00000234dd74e09c: 0f1f 8400 | 141d 0032 | 448b 4c24 | 24ba 6eff | ffff 8b7c | 2438 89bc | 24d0 0000 | 0044 8b54 
  0x00000234dd74e0bc: 243c 4489 | 9424 d400 | 0000 4c89 | 4424 2889 | 5c24 2444 | 894c 2448 | 8974 244c | 894c 2450 
  0x00000234dd74e0dc: ;   {runtime_call UncommonTrapBlob}
  0x00000234dd74e0dc: c5f8 77e8 

  0x00000234dd74e0e0: ; ImmutableOopMap {rbp=Oop [40]=Oop [72]=NarrowOop [96]=Oop }
                      ;*if_icmpge {reexecute=1 rethrow=0 return_oop=0}
                      ; - (reexecute) sun.awt.image.ImageRepresentation::setPixels@238 (line 574)
  0x00000234dd74e0e0: fce2 a7ff 

  0x00000234dd74e0e4: ;   {post_call_nop}
  0x00000234dd74e0e4: 0f1f 8400 | 5c1d 0033 | 458b 0849 | 83f9 000f | 8482 e7ff | ff49 8b4f | 3848 85c9 | 0f84 1400 
  0x00000234dd74e104: 0000 4883 | e908 4989 | 4f38 4903 | 4f40 4c89 | 09e9 61e7 | ffff 4883 | ec30 4c89 | 5c24 284c 
  0x00000234dd74e124: 8944 2420 | 498b c949 

  0x00000234dd74e12c: ;   {runtime_call}
  0x00000234dd74e12c: 8bd7 48b8 | d081 aa67 | fa7f 0000 | ffd0 4c8b | 4424 204c | 8b5c 2428 | c5f8 7748 | 83c4 30e9 
  0x00000234dd74e14c: 2be7 ffff | 4883 ff00 | 0f84 45e8 | ffff 498b | 4f38 4885 | c90f 8414 | 0000 0048 | 83e9 0849 
  0x00000234dd74e16c: 894f 3849 | 034f 4048 | 8939 e924 | e8ff ff48 | 83ec 404c | 8954 2438 | 4c89 5c24 | 304c 8944 
  0x00000234dd74e18c: 2428 488b | cf49 8bd7 

  0x00000234dd74e194: ;   {runtime_call}
  0x00000234dd74e194: 48b8 d081 | aa67 fa7f | 0000 ffd0 | 4c8b 4424 | 284c 8b5c | 2430 4c8b | 5424 38c5 | f877 4883 
  0x00000234dd74e1b4: c440 e9e4 | e7ff ff45 | 8b03 4983 | f800 0f84 | 40eb ffff | 4d8b 5738 | 4d85 d20f | 8414 0000 
  0x00000234dd74e1d4: 0049 83ea | 084d 8957 | 384d 0357 | 404d 8902 | e91f ebff | ff48 83ec | 304c 895c | 2428 4889 
  0x00000234dd74e1f4: 4c24 2049 | 8bc8 498b 

  0x00000234dd74e1fc: ;   {runtime_call}
  0x00000234dd74e1fc: d748 b8d0 | 81aa 67fa | 7f00 00ff | d048 8b4c | 2420 4c8b | 5c24 28c5 | f877 4883 | c430 e9e9 
  0x00000234dd74e21c: eaff fff0 | 8344 24c0 | 0041 803a | 000f 8417 | ebff ff41 | c602 004d | 8b47 504d | 85c0 0f84 
  0x00000234dd74e23c: 1400 0000 | 4983 e808 | 4d89 4750 | 4d03 4758 | 4d89 10e9 | f2ea ffff | 4883 ec20 | 498b ca49 
  0x00000234dd74e25c: ;   {runtime_call}
  0x00000234dd74e25c: 8bd7 48b8 | b081 aa67 | fa7f 0000 | ffd0 c5f8 | 7748 83c4 | 20e9 d0ea 

  0x00000234dd74e274: ;   {internal_word}
  0x00000234dd74e274: ffff 49ba | e0c9 74dd | 3402 0000 | 4d89 97e0 

  0x00000234dd74e284: ;   {runtime_call SafepointBlob}
  0x00000234dd74e284: 0400 00e9 | d42c 9bff | 4183 87d8 | 0600 0008 | e97c e6ff 

  0x00000234dd74e298: ;   {runtime_call Stub::method_entry_barrier}
  0x00000234dd74e298: ffe8 625f | 99ff e90b | e2ff fff4 | f4f4 f4f4 
[Stub Code]
  0x00000234dd74e2a8: ;   {static_stub}
  0x00000234dd74e2a8: 48bb 0000 | 0000 0000 

  0x00000234dd74e2b0: ;   {runtime_call nmethod}
  0x00000234dd74e2b0: 0000 e9fb 

  0x00000234dd74e2b4: ;   {static_stub}
  0x00000234dd74e2b4: ffff ff48 | bb60 9c3c | ea34 0200 

  0x00000234dd74e2c0: ;   {runtime_call I2C/C2I adapters}
  0x00000234dd74e2c0: 00e9 6c21 

  0x00000234dd74e2c4: ;   {static_stub}
  0x00000234dd74e2c4: 9bff 48bb | a061 1aea | 3402 0000 

  0x00000234dd74e2d0: ;   {runtime_call I2C/C2I adapters}
  0x00000234dd74e2d0: e961 799b 

  0x00000234dd74e2d4: ;   {static_stub}
  0x00000234dd74e2d4: ff48 bb00 | 0000 0000 

  0x00000234dd74e2dc: ;   {runtime_call nmethod}
  0x00000234dd74e2dc: 0000 00e9 | fbff ffff 

  0x00000234dd74e2e4: ;   {static_stub}
  0x00000234dd74e2e4: 48bb 0000 | 0000 0000 

  0x00000234dd74e2ec: ;   {runtime_call nmethod}
  0x00000234dd74e2ec: 0000 e9fb 

  0x00000234dd74e2f0: ;   {static_stub}
  0x00000234dd74e2f0: ffff ff48 | bb00 0000 | 0000 0000 

  0x00000234dd74e2fc: ;   {runtime_call nmethod}
  0x00000234dd74e2fc: 00e9 fbff 

  0x00000234dd74e300: ;   {static_stub}
  0x00000234dd74e300: ffff 48bb | 189f 3cea | 3402 0000 

  0x00000234dd74e30c: ;   {runtime_call I2C/C2I adapters}
  0x00000234dd74e30c: e921 219b 

  0x00000234dd74e310: ;   {runtime_call ExceptionBlob}
  0x00000234dd74e310: ffe9 cae6 | a7ff e800 | 0000 0048 | 832c 2405 

  0x00000234dd74e320: ;   {runtime_call DeoptimizationBlob}
  0x00000234dd74e320: e93b 2f9b | fff4 f4f4 
[/MachCode]


Compiled method (c2) 123503 3522       4       sun.awt.image.JPEGImageDecoder::sendPixels (40 bytes)
 total in heap  [0x00000234dd752608,0x00000234dd753280] = 3192
 main code      [0x00000234dd752700,0x00000234dd753258] = 2904
 stub code      [0x00000234dd753258,0x00000234dd753280] = 40
 mutable data [0x00000234e9b73bd0,0x00000234e9b73c90] = 192
 relocation     [0x00000234e9b73bd0,0x00000234e9b73c50] = 128
 metadata       [0x00000234e9b73c50,0x00000234e9b73c90] = 64
 immutable data [0x00000234eeb562d0,0x00000234eeb56738] = 1128
 dependencies   [0x00000234eeb562d0,0x00000234eeb562f0] = 32
 nul chk table  [0x00000234eeb562f0,0x00000234eeb56300] = 16
 handler table  [0x00000234eeb56300,0x00000234eeb56330] = 48
 scopes pcs     [0x00000234eeb56330,0x00000234eeb56450] = 288
 scopes data    [0x00000234eeb56450,0x00000234eeb56738] = 744

[Constant Pool (empty)]

[MachCode]
[Instructions begin]
  0x00000234dd752700: 6690 448b | 5208 443b 

  0x00000234dd752708: ;   {runtime_call Shared Runtime ic_miss_blob}
  0x00000234dd752708: 5008 0f85 | d0c3 9aff 
[Verified Entry Point]
  0x00000234dd752710: 8984 2400 | 80ff ff55 | 4881 ec80 | 0000 0090 | 4181 7f20 | 0d00 0000 | 0f85 1c0b | 0000 4489 
  0x00000234dd752730: 4c24 304c | 8944 2440 

  0x00000234dd752738: ; implicit exception: dispatches to 0x00000234dd753090
  0x00000234dd752738: 418b 780c | 4889 5424 | 2044 8b42 | 1045 85c0 | 0f84 8206 | 0000 448b | 5224 4489 | 5424 4849 
  0x00000234dd752758: 8be8 488d | 5c24 704c | 8b55 0041 | 8b9f d806 | 0000 41f6 | c202 0f85 | 3800 0000 | 81fb 2707 
  0x00000234dd752778: 0000 0f8f | 4c00 0000 | 493b 6c1f | f874 1749 | 8bc2 4883 | c801 4983 | e2fe f04c | 0fb1 5500 
  0x00000234dd752798: 0f85 2e00 | 0000 4989 | 2c1f 4183 | 87d8 0600 | 0008 eb1e | 4833 c049 | 8b9f c804 | 0000 f049 
  0x00000234dd7527b8: 0fb1 5a3e | 740c 483b | d875 0949 | ff82 8600 | 0000 33c0 | 0f85 a206 | 0000 458b | 5014 4c8b 
  0x00000234dd7527d8: 5c24 200f | 1f44 0000 | 4d3b d30f | 846f 0500 | 0048 8d44 | 2470 418b | 87d8 0600 | 004c 8b55 
  0x00000234dd7527f8: 0049 3b6c | 07f8 0f85 | 2f00 0000 | 4183 afd8 

  0x00000234dd752808: ;   {other}
  0x00000234dd752808: 0600 0008 | 493b 6c07 | f00f 8460 | 0000 0049 | 8bc2 4883 | e0fc 4983 | ca01 f04c | 0fb1 5500 
  0x00000234dd752828: 0f85 0f0a | 0000 e944 | 0000 0049 | 83ba 8600 | 0000 0075 | 3349 c742 | 3e00 0000 | 00f0 8344 
  0x00000234dd752848: 24c0 0049 | 83ba 8e00 | 0000 0074 | 2249 83ba | 9e00 0000 | 0075 1849 | 83e2 fd4d | 8997 e805 
  0x00000234dd752868: 0000 4183 | ca01 eb0a | 49ff 8a86 | 0000 0045 | 33d2 660f | 1f44 0000 | 0f85 c905 | 0000 4c8b 
  0x00000234dd752888: 5424 2045 | 8b4a 1045 | 85c9 0f84 | 5005 0000 | 4d8b c148 | 8d5c 2470 | 4d8b 1041 | 8b9f d806 
  0x00000234dd7528a8: 0000 41f6 | c202 0f85 | 3700 0000 | 81fb 2707 | 0000 0f8f | 4b00 0000 | 4d3b 441f | f874 1649 
  0x00000234dd7528c8: 8bc2 4883 | c801 4983 | e2fe f04d | 0fb1 100f | 852e 0000 | 004d 8904 | 1f41 8387 | d806 0000 
  0x00000234dd7528e8: 08eb 1e48 | 33c0 498b | 9fc8 0400 | 00f0 490f | b15a 3e74 | 0c48 3bd8 | 7509 49ff | 8286 0000 
  0x00000234dd752908: ;   {other}
  0x00000234dd752908: 0033 c00f | 85cd 0500 | 004c 8b54 | 2420 410f | b66a 0c0f | 1f44 0000 | 85ed 0f85 | bc06 0000 
  0x00000234dd752928: 418b 5a1c | 85db 0f85 | b400 0000 | 488d 4424 | 7041 8b87 | d806 0000 | 4d8b 104d | 3b44 07f8 
  0x00000234dd752948: 0f85 2e00 | 0000 4183 | afd8 0600 | 0008 4d3b | 4407 f00f | 845f 0000 | 0049 8bc2 | 4883 e0fc 
  0x00000234dd752968: 4983 ca01 | f04d 0fb1 | 100f 85b9 | 0800 00e9 | 4400 0000 | 4983 ba86 | 0000 0000 | 7533 49c7 
  0x00000234dd752988: 423e 0000 | 0000 f083 | 4424 c000 | 4983 ba8e | 0000 0000 | 7422 4983 | ba9e 0000 | 0000 7518 
  0x00000234dd7529a8: 4983 e2fd | 4d89 97e8 | 0500 0041 | 83ca 01eb | 0a49 ff8a | 8600 0000 | 4533 d20f | 85c7 0500 
  0x00000234dd7529c8: 0033 f6ba | 45ff ffff | 488b 6c24 | 2089 7424 

  0x00000234dd7529d8: ;   {runtime_call UncommonTrapBlob}
  0x00000234dd7529d8: 2066 90e8 

  0x00000234dd7529dc: ; ImmutableOopMap {rbp=Oop }
                      ;*ifgt {reexecute=1 rethrow=0 return_oop=0}
                      ; - (reexecute) sun.awt.image.JPEGImageDecoder::sendPixels@19 (line 116)
  0x00000234dd7529dc: 009a a7ff 

  0x00000234dd7529e0: ;   {post_call_nop}
  0x00000234dd7529e0: 0f1f 8400 | d803 0000 | 0fb6 6b0c | 85ed 0f84 | 6806 0000 | 488d 4424 | 7041 8b87 | d806 0000 
  0x00000234dd752a00: 4d8b 104d | 3b44 07f8 | 0f85 2e00 | 0000 4183 | afd8 0600 | 0008 4d3b | 4407 f00f | 845f 0000 
  0x00000234dd752a20: 0049 8bc2 | 4883 e0fc | 4983 ca01 | f04d 0fb1 | 100f 85ec | 0700 00e9 | 4400 0000 | 4983 ba86 
  0x00000234dd752a40: 0000 0000 | 7533 49c7 | 423e 0000 | 0000 f083 | 4424 c000 | 4983 ba8e | 0000 0000 | 7422 4983 
  0x00000234dd752a60: ba9e 0000 | 0000 7518 | 4983 e2fd | 4d89 97e8 | 0500 0041 | 83ca 01eb | 0a49 ff8a | 8600 0000 
  0x00000234dd752a80: 4533 d20f | 85bd 0400 | 004c 8bd3 | 448b 4424 | 484d 8bd8 | 4533 c089 | 7c24 344c | 895c 2468 
  0x00000234dd752aa0: 4489 4424 | 28eb 3049 | 8bcb 488d | 5424 704d 

  0x00000234dd752ab0: ;   {runtime_call}
  0x00000234dd752ab0: 8bc7 49ba | 80c3 f067 | fa7f 0000 

  0x00000234dd752abc: ;   {post_call_nop}
  0x00000234dd752abc: 41ff d20f | 1f84 0000 | 0000 0066 | 0f1f 8400 | 0000 0000 | 4c8b d789 | 7424 2845 | 8b5a 144c 
  0x00000234dd752adc: 8954 2450 | 498b d345 | 33c0 448b | 4c24 308b | 7c24 34be | 0100 0000 | 488b 4c24 | 684c 8b54 
  0x00000234dd752afc: 2440 4c89 | 1424 4533 | d244 8954 | 2408 897c | 2410 8bef | 9048 b8e0 | f3b7 e934 

  0x00000234dd752b18: ;   {virtual_call}
  0x00000234dd752b18: 0200 00e8 

  0x00000234dd752b1c: ; ImmutableOopMap {[32]=Oop [64]=Oop [72]=NarrowOop [80]=Oop [104]=Oop }
                      ;*invokeinterface setPixels {reexecute=0 rethrow=0 return_oop=0}
                      ; - sun.awt.image.ImageDecoder::setPixels@44 (line 138)
                      ; - sun.awt.image.JPEGImageDecoder::sendPixels@14 (line 114)
  0x00000234dd752b1c: 9080 a8ff 

  0x00000234dd752b20: ;   {post_call_nop}
  0x00000234dd752b20: 0f1f 8400 | 1805 0001 | 4d8b 5f30 | 4c8b 5424 | 2045 8b42 | 108b 7424 

  0x00000234dd752b38: ; ImmutableOopMap {r8=NarrowOop [32]=Oop [64]=Oop [72]=NarrowOop [80]=Oop [104]=Oop }
                      ;*goto {reexecute=1 rethrow=0 return_oop=0}
                      ; - (reexecute) sun.awt.image.ImageDecoder::setPixels@52 (line 139)
                      ; - sun.awt.image.JPEGImageDecoder::sendPixels@14 (line 114)
                      ;   {poll}
  0x00000234dd752b38: 28ff c641 | 8503 6690 | 4585 c00f | 8450 0200 | 004d 8bd8 | 488d 5c24 | 704d 8b13 | 418b 9fd8 
  0x00000234dd752b58: 0600 0041 | f6c2 020f | 8537 0000 | 0081 fb27 | 0700 000f | 8f4b 0000 | 004d 3b5c | 1ff8 7416 
  0x00000234dd752b78: 498b c248 | 83c8 0149 | 83e2 fef0 | 4d0f b113 | 0f85 2e00 | 0000 4d89 | 1c1f 4183 | 87d8 0600 
  0x00000234dd752b98: 0008 eb1e | 4833 c049 | 8b9f c804 | 0000 f049 | 0fb1 5a3e | 740c 483b | d875 0949 | ff82 8600 
  0x00000234dd752bb8: 0000 33c0 | 0f1f 4000 | 0f85 5202 | 0000 4c8b | 5424 2041 | 0fb6 6a0c | 85ed 0f85 | dd03 0000 
  0x00000234dd752bd8: 4c8b 5424 | 5041 8b7a | 1085 ff0f | 85c9 0000 | 0048 8d44 | 2470 418b | 87d8 0600 | 004d 8b13 
  0x00000234dd752bf8: 4d3b 5c07 | f80f 852e | 0000 0041 | 83af d806 | 0000 084d | 3b5c 07f0 | 0f84 5f00 | 0000 498b 
  0x00000234dd752c18: c248 83e0 | fc49 83ca | 01f0 4d0f | b113 0f85 | ea05 0000 | e944 0000 | 0049 83ba | 8600 0000 
  0x00000234dd752c38: ;   {other}
  0x00000234dd752c38: 0075 3349 | c742 3e00 | 0000 00f0 | 8344 24c0 | 0049 83ba | 8e00 0000 | 0074 2249 | 83ba 9e00 
  0x00000234dd752c58: 0000 0075 | 1849 83e2 | fd4d 8997 | e805 0000 | 4183 ca01 | eb0a 49ff | 8a86 0000 | 0045 33d2 
  0x00000234dd752c78: 0f85 ed02 | 0000 6690 | 85f6 0f8e | 43fd ffff | 4c8b 5424 | 2041 0fb6 | 6a0c 85ed | 0f85 7a03 
  0x00000234dd752c98: 0000 b801 | 0000 0048 | 81c4 8000 

  0x00000234dd752ca4: ;   {poll_return}
  0x00000234dd752ca4: 0000 5d49 | 3b67 280f | 874f 0500 | 00c3 0fb6 | 6f0c 85ed | 0f84 6a03 | 0000 488d | 4424 7041 
  0x00000234dd752cc4: 8b87 d806 | 0000 4d8b | 134d 3b5c | 07f8 0f85 | 2e00 0000 | 4183 afd8 | 0600 0008 | 4d3b 5c07 
  0x00000234dd752ce4: f00f 845f | 0000 0049 | 8bc2 4883 | e0fc 4983 | ca01 f04d | 0fb1 130f | 85f2 0400 | 00e9 4400 
  0x00000234dd752d04: 0000 4983 | ba86 0000 | 0000 7533 | 49c7 423e | 0000 0000 | f083 4424 | c000 4983 | ba8e 0000 
  0x00000234dd752d24: 0000 7422 | 4983 ba9e | 0000 0000 | 7518 4983 | e2fd 4d89 | 97e8 0500 | 0041 83ca | 01eb 0a49 
  0x00000234dd752d44: ff8a 8600 | 0000 4533 | d20f 8554 | fdff ffe9 | 78fd ffff | 4d33 db4d | 8d50 1441 | 807f 4800 
  0x00000234dd752d64: 0f85 0704 | 0000 4589 | 1a45 3b60 | 100f 8472 | faff ff48 | 8bd5 897c | 243c 897c 

  0x00000234dd752d80: ;   {optimized virtual_call}
  0x00000234dd752d80: 244c 90e8 

  0x00000234dd752d84: ; ImmutableOopMap {rbp=Oop [32]=Oop [64]=Oop [72]=NarrowOop }
                      ;*invokevirtual startProduction {reexecute=0 rethrow=0 return_oop=0}
                      ; - sun.awt.image.InputStreamImageSource::doneDecoding@21 (line 308)
                      ; - sun.awt.image.InputStreamImageSource::latchConsumers@2 (line 314)
                      ; - sun.awt.image.ImageDecoder::setPixels@5 (line 134)
                      ; - sun.awt.image.JPEGImageDecoder::sendPixels@14 (line 114)
  0x00000234dd752d84: 58c0 9aff 

  0x00000234dd752d88: ;   {post_call_nop}
  0x00000234dd752d88: 0f1f 8400 | 8007 0003 | 8b7c 243c | e950 faff | ffba f6ff | ffff 448b | 5c24 3044 | 895c 2428 
  0x00000234dd752da8: 448b 5c24 | 4844 895c | 2430 4c8b | 5424 404c | 8954 2438 | 8974 2440 

  0x00000234dd752dc0: ;   {runtime_call UncommonTrapBlob}
  0x00000234dd752dc0: 6666 90e8 

  0x00000234dd752dc4: ; ImmutableOopMap {[32]=Oop [48]=NarrowOop [56]=Oop [80]=Oop }
                      ;*monitorenter {reexecute=0 rethrow=0 return_oop=0}
                      ; - sun.awt.image.ImageDecoder::nextConsumer@6 (line 61)
                      ; - sun.awt.image.ImageDecoder::setPixels@17 (line 137)
                      ; - sun.awt.image.JPEGImageDecoder::sendPixels@14 (line 114)
  0x00000234dd752dc4: 1896 a7ff 

  0x00000234dd752dc8: ;   {post_call_nop}
  0x00000234dd752dc8: 0f1f 8400 | c007 0004 | baf6 ffff | ff48 8b6c 

  0x00000234dd752dd8: ;   {runtime_call UncommonTrapBlob}
  0x00000234dd752dd8: 2420 90e8 

  0x00000234dd752ddc: ; ImmutableOopMap {rbp=Oop }
                      ;*invokevirtual latchConsumers {reexecute=0 rethrow=0 return_oop=0}
                      ; - sun.awt.image.ImageDecoder::setPixels@5 (line 134)
                      ; - sun.awt.image.JPEGImageDecoder::sendPixels@14 (line 114)
  0x00000234dd752ddc: 0096 a7ff 

  0x00000234dd752de0: ;   {post_call_nop}
  0x00000234dd752de0: 0f1f 8400 | d807 0005 | baf6 ffff | ff44 8b5c | 2430 4489 | 5c24 2848 | ff74 2440 | 488f 4424 
  0x00000234dd752e00: 3889 7c24 | 344c 8954 

  0x00000234dd752e08: ;   {runtime_call UncommonTrapBlob}
  0x00000234dd752e08: 2440 90e8 

  0x00000234dd752e0c: ; ImmutableOopMap {[32]=Oop [56]=Oop [64]=Oop [72]=NarrowOop }
                      ;*monitorenter {reexecute=0 rethrow=0 return_oop=0}
                      ; - sun.awt.image.ImageDecoder::nextConsumer@6 (line 61)
                      ; - sun.awt.image.ImageDecoder::setPixels@17 (line 137)
                      ; - sun.awt.image.JPEGImageDecoder::sendPixels@14 (line 114)
  0x00000234dd752e0c: d095 a7ff 

  0x00000234dd752e10: ;   {post_call_nop}
  0x00000234dd752e10: 0f1f 8400 | 0808 0006 | 4c89 5c24 | 3844 8944 | 242c 8974 | 2428 498b | d34c 8d44 

  0x00000234dd752e2c: ;   {runtime_call C2 Runtime complete_monitor_locking}
  0x00000234dd752e2c: 2470 90e8 

  0x00000234dd752e30: ; ImmutableOopMap {[32]=Oop [44]=NarrowOop [56]=Oop [64]=Oop [72]=NarrowOop [80]=Oop [104]=Oop }
                      ;*monitorenter {reexecute=0 rethrow=0 return_oop=0}
                      ; - sun.awt.image.ImageDecoder::nextConsumer@6 (line 61)
                      ; - sun.awt.image.ImageDecoder::setPixels@17 (line 137)
                      ; - sun.awt.image.JPEGImageDecoder::sendPixels@14 (line 114)
  0x00000234dd752e30: 2c06 a8ff 

  0x00000234dd752e34: ;   {post_call_nop}
  0x00000234dd752e34: 0f1f 8400 | 2c08 0007 | 8b74 2428 | 448b 4424 | 2c4c 8b5c | 2438 e977 | fdff ff48 | 8bcd 488d 
  0x00000234dd752e54: 5424 704d 

  0x00000234dd752e58: ;   {runtime_call}
  0x00000234dd752e58: 8bc7 49ba | 80c3 f067 | fa7f 0000 

  0x00000234dd752e64: ;   {post_call_nop}
  0x00000234dd752e64: 41ff d20f | 1f84 0000 | 0000 00e9 | 12fa ffff | 4889 6c24 | 3848 8944 | 24f8 8b44 | 2448 8944 
  0x00000234dd752e84: 2434 488b | 4424 f844 | 8944 242c | 897c 2428 | 488b 6c24 | 4048 8b54 | 2438 4c8d 

  0x00000234dd752ea0: ;   {runtime_call C2 Runtime complete_monitor_locking}
  0x00000234dd752ea0: 4424 70e8 

  0x00000234dd752ea4: ; ImmutableOopMap {rbp=Oop [32]=Oop [44]=NarrowOop [52]=NarrowOop [56]=Oop }
                      ;*synchronization entry
                      ; - sun.awt.image.InputStreamImageSource::doneDecoding@-1 (line 305)
                      ; - sun.awt.image.InputStreamImageSource::latchConsumers@2 (line 314)
                      ; - sun.awt.image.ImageDecoder::setPixels@5 (line 134)
                      ; - sun.awt.image.JPEGImageDecoder::sendPixels@14 (line 114)
  0x00000234dd752ea4: b805 a8ff 

  0x00000234dd752ea8: ;   {post_call_nop}
  0x00000234dd752ea8: 0f1f 8400 | a008 0008 | 4889 6c24 | 4044 8b54 | 2428 448b | 4424 2c48 | 8944 24f8 | 8b44 2434 
  0x00000234dd752ec8: 8944 2448 | 488b 4424 | f848 8b6c | 2438 418b | fae9 f4f8 | ffff 4c89 | 4424 3844 | 894c 2434 
  0x00000234dd752ee8: 4889 4424 | f88b 4424 | 4889 4424 | 2c48 8b44 | 24f8 897c | 2428 488b | 6c24 4049 | 8bd0 4c8d 
  0x00000234dd752f08: ;   {runtime_call C2 Runtime complete_monitor_locking}
  0x00000234dd752f08: 4424 70e8 

  0x00000234dd752f0c: ; ImmutableOopMap {rbp=Oop [32]=Oop [44]=NarrowOop [52]=NarrowOop [56]=Oop }
                      ;*monitorenter {reexecute=0 rethrow=0 return_oop=0}
                      ; - sun.awt.image.ImageDecoder::nextConsumer@6 (line 61)
                      ; - sun.awt.image.ImageDecoder::setPixels@17 (line 137)
                      ; - sun.awt.image.JPEGImageDecoder::sendPixels@14 (line 114)
  0x00000234dd752f0c: 5005 a8ff 

  0x00000234dd752f10: ;   {post_call_nop}
  0x00000234dd752f10: 0f1f 8400 | 0809 0009 | 4889 6c24 | 4044 8b5c | 2428 4889 | 4424 f88b | 4424 2c89 | 4424 4848 
  0x00000234dd752f30: 8b44 24f8 | 448b 4c24 | 344c 8b44 | 2438 418b | fbe9 cbf9 | ffff 498b | c848 8d54 | 2470 4d8b 
  0x00000234dd752f50: ;   {runtime_call}
  0x00000234dd752f50: c749 ba80 | c3f0 67fa | 7f00 0041 

  0x00000234dd752f5c: ;   {post_call_nop}
  0x00000234dd752f5c: ffd2 0f1f | 8400 0000 | 0000 e91e | fbff ff49 | 8bcb 488d | 5424 704d 

  0x00000234dd752f74: ;   {runtime_call}
  0x00000234dd752f74: 8bc7 49ba | 80c3 f067 | fa7f 0000 

  0x00000234dd752f80: ;   {post_call_nop}
  0x00000234dd752f80: 41ff d20f | 1f84 0000 | 0000 00e9 | eefc ffff | 498b c848 | 8d54 2470 

  0x00000234dd752f98: ;   {runtime_call}
  0x00000234dd752f98: 4d8b c749 | ba80 c3f0 | 67fa 7f00 | 0041 ffd2 

  0x00000234dd752fa8: ;   {post_call_nop}
  0x00000234dd752fa8: 0f1f 8400 | 0000 0000 | e914 faff | ffba 45ff | ffff 4889 | 4424 f88b | 4424 4889 | 4424 3848 
  0x00000234dd752fc8: 8b44 24f8 | 8974 2448 | 4489 4424 

  0x00000234dd752fd4: ;   {runtime_call UncommonTrapBlob}
  0x00000234dd752fd4: 5066 90e8 

  0x00000234dd752fd8: ; ImmutableOopMap {[32]=Oop [56]=NarrowOop [64]=Oop [80]=NarrowOop }
                      ;*ifeq {reexecute=1 rethrow=0 return_oop=0}
                      ; - (reexecute) sun.awt.image.ImageDecoder::nextConsumer@11 (line 62)
                      ; - sun.awt.image.ImageDecoder::setPixels@17 (line 137)
                      ; - sun.awt.image.JPEGImageDecoder::sendPixels@14 (line 114)
  0x00000234dd752fd8: 0494 a7ff 

  0x00000234dd752fdc: ;   {post_call_nop}
  0x00000234dd752fdc: 0f1f 8400 | d409 000a | ba45 ffff | ff48 8944 | 24f8 8b44 | 2448 8944 | 2438 488b | 4424 f889 
  0x00000234dd752ffc: 7c24 3c44 | 894c 244c 

  0x00000234dd753004: ;   {runtime_call UncommonTrapBlob}
  0x00000234dd753004: 6666 90e8 

  0x00000234dd753008: ; ImmutableOopMap {[32]=Oop [56]=NarrowOop [64]=Oop [76]=NarrowOop }
                      ;*ifeq {reexecute=1 rethrow=0 return_oop=0}
                      ; - (reexecute) sun.awt.image.ImageDecoder::nextConsumer@11 (line 62)
                      ; - sun.awt.image.ImageDecoder::setPixels@17 (line 137)
                      ; - sun.awt.image.JPEGImageDecoder::sendPixels@14 (line 114)
  0x00000234dd753008: d493 a7ff 

  0x00000234dd75300c: ;   {post_call_nop}
  0x00000234dd75300c: 0f1f 8400 | 040a 000b | ba45 ffff 

  0x00000234dd753018: ;   {runtime_call UncommonTrapBlob}
  0x00000234dd753018: ff66 90e8 

  0x00000234dd75301c: ; ImmutableOopMap {}
                      ;*ifne {reexecute=1 rethrow=0 return_oop=0}
                      ; - (reexecute) sun.awt.image.JPEGImageDecoder::sendPixels@31 (line 119)
  0x00000234dd75301c: c093 a7ff 

  0x00000234dd753020: ;   {post_call_nop}
  0x00000234dd753020: 0f1f 8400 | 180a 000c | ba45 ffff | ff48 8944 | 24f8 8b44 | 2448 8944 | 2438 488b | 4424 f889 
  0x00000234dd753040: 7424 4889 | 7c24 4c44 | 8944 2454 

  0x00000234dd75304c: ;   {runtime_call UncommonTrapBlob}
  0x00000234dd75304c: 6666 90e8 

  0x00000234dd753050: ; ImmutableOopMap {[32]=Oop [56]=NarrowOop [64]=Oop [76]=NarrowOop [84]=NarrowOop }
                      ;*ifeq {reexecute=1 rethrow=0 return_oop=0}
                      ; - (reexecute) sun.awt.image.ImageDecoder::nextConsumer@42 (line 67)
                      ; - sun.awt.image.ImageDecoder::setPixels@17 (line 137)
                      ; - sun.awt.image.JPEGImageDecoder::sendPixels@14 (line 114)
  0x00000234dd753050: 8c93 a7ff 

  0x00000234dd753054: ;   {post_call_nop}
  0x00000234dd753054: 0f1f 8400 | 4c0a 000d | ba45 ffff | ff48 8944 | 24f8 8b44 | 2448 8944 | 2438 488b | 4424 f889 
  0x00000234dd753074: 7c24 3c89 | 5c24 4844 | 894c 2450 

  0x00000234dd753080: ;   {runtime_call UncommonTrapBlob}
  0x00000234dd753080: 6666 90e8 

  0x00000234dd753084: ; ImmutableOopMap {[32]=Oop [56]=NarrowOop [64]=Oop [72]=NarrowOop [80]=NarrowOop }
                      ;*ifeq {reexecute=1 rethrow=0 return_oop=0}
                      ; - (reexecute) sun.awt.image.ImageDecoder::nextConsumer@42 (line 67)
                      ; - sun.awt.image.ImageDecoder::setPixels@17 (line 137)
                      ; - sun.awt.image.JPEGImageDecoder::sendPixels@14 (line 114)
  0x00000234dd753084: 5893 a7ff 

  0x00000234dd753088: ;   {post_call_nop}
  0x00000234dd753088: 0f1f 8400 | 800a 000e | baf6 ffff 

  0x00000234dd753094: ;   {runtime_call UncommonTrapBlob}
  0x00000234dd753094: ff66 90e8 

  0x00000234dd753098: ; ImmutableOopMap {}
                      ;*arraylength {reexecute=0 rethrow=0 return_oop=0}
                      ; - sun.awt.image.JPEGImageDecoder::sendPixels@4 (line 114)
  0x00000234dd753098: 4493 a7ff 

  0x00000234dd75309c: ;   {post_call_nop}
  0x00000234dd75309c: 0f1f 8400 | 940a 000f | 488b d848 | 8d44 2470 | 418b 87d8 | 0600 004c | 8b55 0049 | 3b6c 07f8 
  0x00000234dd7530bc: 0f85 2f00 | 0000 4183 | afd8 0600 | 0008 493b | 6c07 f00f | 8460 0000 | 0049 8bc2 | 4883 e0fc 
  0x00000234dd7530dc: 4983 ca01 | f04c 0fb1 | 5500 0f85 | fa00 0000 | e944 0000 | 0049 83ba | 8600 0000 | 0075 3349 
  0x00000234dd7530fc: c742 3e00 | 0000 00f0 | 8344 24c0 | 0049 83ba | 8e00 0000 | 0074 2249 | 83ba 9e00 | 0000 0075 
  0x00000234dd75311c: 1849 83e2 | fd4d 8997 | e805 0000 | 4183 ca01 | eb0a 49ff | 8a86 0000 | 0045 33d2 | 7515 488b 
  0x00000234dd75313c: d3eb 0348 | 8bd0 4881 | c480 0000 

  0x00000234dd753148: ;   {runtime_call C2 Runtime rethrow}
  0x00000234dd753148: 005d e911 | 20a8 ff48 | 8bcd 488d | 5424 704d 

  0x00000234dd753158: ;   {runtime_call}
  0x00000234dd753158: 8bc7 49ba | 80c3 f067 | fa7f 0000 

  0x00000234dd753164: ;   {post_call_nop}
  0x00000234dd753164: 41ff d20f | 1f84 0000 | 0000 00eb | c941 8b0a | 4883 f900 | 0f84 ecfb | ffff 4d8b | 4f38 4d85 
  0x00000234dd753184: c90f 8414 | 0000 0049 | 83e9 084d | 894f 384d | 034f 4049 | 8909 e9cb | fbff ff48 | 83ec 404c 
  0x00000234dd7531a4: 8954 2438 | 4c89 5c24 | 304c 8944 | 2428 4889 | 7c24 2049 

  0x00000234dd7531b8: ;   {runtime_call}
  0x00000234dd7531b8: 8bd7 48b8 | d081 aa67 | fa7f 0000 | ffd0 488b | 7c24 204c | 8b44 2428 | 4c8b 5c24 | 304c 8b54 
  0x00000234dd7531d8: 2438 c5f8 | 7748 83c4 | 40e9 84fb | ffff 4183 | 87d8 0600 | 0008 e945 | ffff ff41 | 8387 d806 
  0x00000234dd7531f8: 0000 08e9 | 4dfb ffff 

  0x00000234dd753200: ;   {internal_word}
  0x00000234dd753200: 49ba a72c | 75dd 3402 | 0000 4d89 | 97e0 0400 

  0x00000234dd753210: ;   {runtime_call SafepointBlob}
  0x00000234dd753210: 00e9 4add | 9aff 4183 | 87d8 0600 | 0008 e955 | faff ff41 | 8387 d806 | 0000 08e9 | 53f8 ffff 
  0x00000234dd753230: 4183 87d8 | 0600 0008 | e986 f7ff | ff41 8387 | d806 0000 | 08e9 30f6 

  0x00000234dd753248: ;   {runtime_call Stub::method_entry_barrier}
  0x00000234dd753248: ffff e8b1 | 0f99 ffe9 | daf4 ffff | f4f4 f4f4 
[Stub Code]
  0x00000234dd753258: ;   {static_stub}
  0x00000234dd753258: 48bb 0000 | 0000 0000 

  0x00000234dd753260: ;   {runtime_call nmethod}
  0x00000234dd753260: 0000 e9fb 

  0x00000234dd753264: ;   {runtime_call ExceptionBlob}
  0x00000234dd753264: ffff ffe9 | 7497 a7ff 
[Deopt Handler Code]
  0x00000234dd75326c: e800 0000 | 0048 832c 

  0x00000234dd753274: ;   {runtime_call DeoptimizationBlob}
  0x00000234dd753274: 2405 e9e5 | df9a fff4 | f4f4 f4f4 
[/MachCode]


---------------  P R O C E S S  ---------------

Threads class SMR info:
_java_thread_list=0x00000234f0e02c80, length=21, elements={
0x00000234e9766030, 0x00000234e9766bf0, 0x00000234e976e6b0, 0x00000234e9771680,
0x00000234e977a250, 0x00000234e979ce30, 0x00000234e97a17f0, 0x00000234e97cf640,
0x00000234e98a42a0, 0x00000234e9931ea0, 0x00000234e9a0f040, 0x00000234e9a12ad0,
0x00000234e9a1a170, 0x00000234eee440b0, 0x00000234cae709a0, 0x00000234e9bae350,
0x00000234e98d7260, 0x00000234eef485b0, 0x00000234eef4bc60, 0x00000234eef4d3d0,
0x00000234e9775940
}

Java Threads: ( => current thread )
  0x00000234e9766030 JavaThread "Reference Handler"          daemon [_thread_blocked, id=9252, stack(0x00000042bca00000,0x00000042bcb00000) (1024K)]
  0x00000234e9766bf0 JavaThread "Finalizer"                  daemon [_thread_blocked, id=21916, stack(0x00000042bcb00000,0x00000042bcc00000) (1024K)]
  0x00000234e976e6b0 JavaThread "Signal Dispatcher"          daemon [_thread_blocked, id=19828, stack(0x00000042bcc00000,0x00000042bcd00000) (1024K)]
  0x00000234e9771680 JavaThread "Attach Listener"            daemon [_thread_blocked, id=7908, stack(0x00000042bcd00000,0x00000042bce00000) (1024K)]
  0x00000234e977a250 JavaThread "Service Thread"             daemon [_thread_blocked, id=6248, stack(0x00000042bce00000,0x00000042bcf00000) (1024K)]
  0x00000234e979ce30 JavaThread "Monitor Deflation Thread"   daemon [_thread_blocked, id=12396, stack(0x00000042bcf00000,0x00000042bd000000) (1024K)]
  0x00000234e97a17f0 JavaThread "C2 CompilerThread0"         daemon [_thread_blocked, id=12152, stack(0x00000042bd000000,0x00000042bd100000) (1024K)]
  0x00000234e97cf640 JavaThread "C1 CompilerThread0"         daemon [_thread_blocked, id=21776, stack(0x00000042bd100000,0x00000042bd200000) (1024K)]
  0x00000234e98a42a0 JavaThread "Common-Cleaner"             daemon [_thread_blocked, id=8844, stack(0x00000042bd200000,0x00000042bd300000) (1024K)]
  0x00000234e9931ea0 JavaThread "Notification Thread"        daemon [_thread_blocked, id=21272, stack(0x00000042bd300000,0x00000042bd400000) (1024K)]
  0x00000234e9a0f040 JavaThread "Java2D Disposer"            daemon [_thread_blocked, id=21828, stack(0x00000042bd400000,0x00000042bd500000) (1024K)]
  0x00000234e9a12ad0 JavaThread "AWT-Shutdown"                      [_thread_blocked, id=14748, stack(0x00000042bd500000,0x00000042bd600000) (1024K)]
  0x00000234e9a1a170 JavaThread "AWT-Windows"                daemon [_thread_in_native, id=18860, stack(0x00000042bd600000,0x00000042bd700000) (1024K)]
  0x00000234eee440b0 JavaThread "AWT-EventQueue-0"                  [_thread_blocked, id=10112, stack(0x00000042bd800000,0x00000042bd900000) (1024K)]
  0x00000234cae709a0 JavaThread "DestroyJavaVM"                     [_thread_blocked, id=11200, stack(0x00000042bc200000,0x00000042bc300000) (1024K)]
  0x00000234e9bae350 JavaThread "TimerQueue"                 daemon [_thread_blocked, id=20584, stack(0x00000042bd900000,0x00000042bda00000) (1024K)]
  0x00000234e98d7260 JavaThread "mysql-cj-abandoned-connection-cleanup" daemon [_thread_blocked, id=15932, stack(0x00000042bd700000,0x00000042bd800000) (1024K)]
=>0x00000234eef485b0 JavaThread "Image Fetcher 1"            daemon [_thread_in_vm, id=19992, stack(0x00000042bc000000,0x00000042bc100000) (1024K)]
  0x00000234eef4bc60 JavaThread "Thread-2"                          [_thread_blocked, id=13908, stack(0x00000042bc100000,0x00000042bc200000) (1024K)]
  0x00000234eef4d3d0 JavaThread "Thread-3"                          [_thread_blocked, id=7892, stack(0x00000042bdd00000,0x00000042bde00000) (1024K)]
  0x00000234e9775940 JavaThread "Image Fetcher 0"            daemon [_thread_blocked, id=11916, stack(0x00000042bbf00000,0x00000042bc000000) (1024K)]
Total: 21

Other Threads:
  0x00000234cd145b40 VMThread "VM Thread"                           [id=16160, stack(0x00000042bc900000,0x00000042bca00000) (1024K)]
  0x00000234e975d0e0 WatcherThread "VM Periodic Task Thread"        [id=13244, stack(0x00000042bc800000,0x00000042bc900000) (1024K)]
  0x00000234cd0d68f0 WorkerThread "GC Thread#0"                     [id=10340, stack(0x00000042bc300000,0x00000042bc400000) (1024K)]
  0x00000234eef38510 WorkerThread "GC Thread#1"                     [id=17608, stack(0x00000042bda00000,0x00000042bdb00000) (1024K)]
  0x00000234eef38940 WorkerThread "GC Thread#2"                     [id=23500, stack(0x00000042bdb00000,0x00000042bdc00000) (1024K)]
  0x00000234eef38d70 WorkerThread "GC Thread#3"                     [id=21800, stack(0x00000042bdc00000,0x00000042bdd00000) (1024K)]
  0x00000234cd0ef600 ConcurrentGCThread "G1 Main Marker"            [id=17824, stack(0x00000042bc400000,0x00000042bc500000) (1024K)]
  0x00000234cd0f0940 WorkerThread "G1 Conc#0"                       [id=17052, stack(0x00000042bc500000,0x00000042bc600000) (1024K)]
  0x00000234cd129bd0 ConcurrentGCThread "G1 Refine#0"               [id=3972, stack(0x00000042bc600000,0x00000042bc700000) (1024K)]
  0x00000234cd12a490 ConcurrentGCThread "G1 Service"                [id=17004, stack(0x00000042bc700000,0x00000042bc800000) (1024K)]
Total: 10

Threads with active compile tasks:
Total: 0

VM state: not at safepoint (normal execution)

VM Mutex/Monitor currently owned by a thread:  ([mutex/lock_event])
[0x00007ffa68526548] Heap_lock - owner thread: 0x00000234eef485b0

Heap address: 0x0000000081c00000, size: 2020 MB, Compressed Oops mode: 32-bit

CDS archive(s) mapped at: [0x0000000017000000-0x0000000017dd0000-0x0000000017dd0000), size 14483456, SharedBaseAddress: 0x0000000017000000, ArchiveRelocationMode: 1.
Compressed class space mapped at: 0x0000000018000000-0x0000000058000000, reserved size: 1073741824
UseCompressedClassPointers 1, UseCompactObjectHeaders 0
Narrow klass pointer bits 32, Max shift 3
Narrow klass base: 0x0000000017000000, Narrow klass shift: 0
Encoding Range: [0x0000000017000000 - 0x0000000117000000), (4294967296 bytes)
Klass Range:    [0x0000000017010000 - 0x0000000058000000), (1090453504 bytes)
Klass ID Range:  [65536 - 1090519033) (1090453497)
Protection zone: [0x0000000017000000 - 0x0000000017010000), (65536 bytes)

GC Precious Log:
 CardTable entry size: 512
 Card Set container configuration: InlinePtr #cards 5 size 8 Array Of Cards #cards 10 size 36 Howl #buckets 4 coarsen threshold 1843 Howl Bitmap #cards 512 size 80 coarsen threshold 460 Card regions per heap region 1 cards per card region 2048
 CPUs: 4 total, 4 available
 Memory: 8076M
 Large Page Support: Disabled
 NUMA Support: Disabled
 Compressed Oops: Enabled (32-bit)
 Heap Region Size: 1M
 Heap Min Capacity: 8M
 Heap Initial Capacity: 128M
 Heap Max Capacity: 2020M
 Pre-touch: Disabled
 Parallel Workers: 4
 Concurrent Workers: 1
 Concurrent Refinement Workers: 4
 Periodic GC: Disabled

Heap:
 garbage-first heap   total reserved 2068480K, committed 555008K, used 301363K [0x0000000081c00000, 0x0000000100000000)
  region size 1024K, 9 young (9216K), 1 survivors (1024K)

Heap Regions: E=young(eden), S=young(survivor), O=old, HS=humongous(starts), HC=humongous(continues), CS=collection set, F=free, TAMS=top-at-mark-start, PB=parsable bottom
|   0|0x0000000081c00000, 0x0000000081d00000, 0x0000000081d00000|100%|HS|  |TAMS 0x0000000081c00000| PB 0x0000000081c00000| Complete |  0
|   1|0x0000000081d00000, 0x0000000081e00000, 0x0000000081e00000|100%|HC|  |TAMS 0x0000000081d00000| PB 0x0000000081d00000| Complete |  0
|   2|0x0000000081e00000, 0x0000000081f00000, 0x0000000081f00000|100%|HC|  |TAMS 0x0000000081e00000| PB 0x0000000081e00000| Complete |  0
|   3|0x0000000081f00000, 0x0000000082000000, 0x0000000082000000|100%|HC|  |TAMS 0x0000000081f00000| PB 0x0000000081f00000| Complete |  0
|   4|0x0000000082000000, 0x0000000082100000, 0x0000000082100000|100%|HC|  |TAMS 0x0000000082000000| PB 0x0000000082000000| Complete |  0
|   5|0x0000000082100000, 0x0000000082200000, 0x0000000082200000|100%|HC|  |TAMS 0x0000000082100000| PB 0x0000000082100000| Complete |  0
|   6|0x0000000082200000, 0x0000000082300000, 0x0000000082300000|100%|HC|  |TAMS 0x0000000082200000| PB 0x0000000082200000| Complete |  0
|   7|0x0000000082300000, 0x0000000082400000, 0x0000000082400000|100%|HC|  |TAMS 0x0000000082300000| PB 0x0000000082300000| Complete |  0
|   8|0x0000000082400000, 0x0000000082500000, 0x0000000082500000|100%|HC|  |TAMS 0x0000000082400000| PB 0x0000000082400000| Complete |  0
|   9|0x0000000082500000, 0x0000000082600000, 0x0000000082600000|100%|HS|  |TAMS 0x0000000082500000| PB 0x0000000082500000| Complete |  0
|  10|0x0000000082600000, 0x0000000082700000, 0x0000000082700000|100%|HC|  |TAMS 0x0000000082600000| PB 0x0000000082600000| Complete |  0
|  11|0x0000000082700000, 0x0000000082800000, 0x0000000082800000|100%|HC|  |TAMS 0x0000000082700000| PB 0x0000000082700000| Complete |  0
|  12|0x0000000082800000, 0x0000000082900000, 0x0000000082900000|100%|HS|  |TAMS 0x0000000082800000| PB 0x0000000082800000| Complete |  0
|  13|0x0000000082900000, 0x0000000082a00000, 0x0000000082a00000|100%|HS|  |TAMS 0x0000000082900000| PB 0x0000000082900000| Complete |  0
|  14|0x0000000082a00000, 0x0000000082b00000, 0x0000000082b00000|100%|HS|  |TAMS 0x0000000082a00000| PB 0x0000000082a00000| Complete |  0
|  15|0x0000000082b00000, 0x0000000082c00000, 0x0000000082c00000|100%| O|  |TAMS 0x0000000082b00000| PB 0x0000000082b00000| Untracked |  0
|  16|0x0000000082c00000, 0x0000000082d00000, 0x0000000082d00000|100%| O|  |TAMS 0x0000000082c00000| PB 0x0000000082c00000| Untracked |  0
|  17|0x0000000082d00000, 0x0000000082e00000, 0x0000000082e00000|100%| O|Cm|TAMS 0x0000000082d00000| PB 0x0000000082d00000| Complete |  0
|  18|0x0000000082e00000, 0x0000000082f00000, 0x0000000082f00000|100%|HS|  |TAMS 0x0000000082e00000| PB 0x0000000082e00000| Complete |  0
|  19|0x0000000082f00000, 0x0000000083000000, 0x0000000083000000|100%|HS|  |TAMS 0x0000000082f00000| PB 0x0000000082f00000| Complete |  0
|  20|0x0000000083000000, 0x0000000083100000, 0x0000000083100000|100%|HC|  |TAMS 0x0000000083000000| PB 0x0000000083000000| Complete |  0
|  21|0x0000000083100000, 0x0000000083200000, 0x0000000083200000|100%|HC|  |TAMS 0x0000000083100000| PB 0x0000000083100000| Complete |  0
|  22|0x0000000083200000, 0x0000000083300000, 0x0000000083300000|100%|HC|  |TAMS 0x0000000083200000| PB 0x0000000083200000| Complete |  0
|  23|0x0000000083300000, 0x0000000083400000, 0x0000000083400000|100%|HC|  |TAMS 0x0000000083300000| PB 0x0000000083300000| Complete |  0
|  24|0x0000000083400000, 0x0000000083500000, 0x0000000083500000|100%|HC|  |TAMS 0x0000000083400000| PB 0x0000000083400000| Complete |  0
|  25|0x0000000083500000, 0x0000000083600000, 0x0000000083600000|100%|HC|  |TAMS 0x0000000083500000| PB 0x0000000083500000| Complete |  0
|  26|0x0000000083600000, 0x0000000083700000, 0x0000000083700000|100%|HC|  |TAMS 0x0000000083600000| PB 0x0000000083600000| Complete |  0
|  27|0x0000000083700000, 0x0000000083800000, 0x0000000083800000|100%|HC|  |TAMS 0x0000000083700000| PB 0x0000000083700000| Complete |  0
|  28|0x0000000083800000, 0x0000000083900000, 0x0000000083900000|100%|HC|  |TAMS 0x0000000083800000| PB 0x0000000083800000| Complete |  0
|  29|0x0000000083900000, 0x0000000083a00000, 0x0000000083a00000|100%|HC|  |TAMS 0x0000000083900000| PB 0x0000000083900000| Complete |  0
|  30|0x0000000083a00000, 0x0000000083b00000, 0x0000000083b00000|100%|HC|  |TAMS 0x0000000083a00000| PB 0x0000000083a00000| Complete |  0
|  31|0x0000000083b00000, 0x0000000083c00000, 0x0000000083c00000|100%|HC|  |TAMS 0x0000000083b00000| PB 0x0000000083b00000| Complete |  0
|  32|0x0000000083c00000, 0x0000000083d00000, 0x0000000083d00000|100%|HC|  |TAMS 0x0000000083c00000| PB 0x0000000083c00000| Complete |  0
|  33|0x0000000083d00000, 0x0000000083e00000, 0x0000000083e00000|100%|HC|  |TAMS 0x0000000083d00000| PB 0x0000000083d00000| Complete |  0
|  34|0x0000000083e00000, 0x0000000083f00000, 0x0000000083f00000|100%|HC|  |TAMS 0x0000000083e00000| PB 0x0000000083e00000| Complete |  0
|  35|0x0000000083f00000, 0x0000000084000000, 0x0000000084000000|100%|HC|  |TAMS 0x0000000083f00000| PB 0x0000000083f00000| Complete |  0
|  36|0x0000000084000000, 0x0000000084100000, 0x0000000084100000|100%|HC|  |TAMS 0x0000000084000000| PB 0x0000000084000000| Complete |  0
|  37|0x0000000084100000, 0x0000000084200000, 0x0000000084200000|100%|HC|  |TAMS 0x0000000084100000| PB 0x0000000084100000| Complete |  0
|  38|0x0000000084200000, 0x0000000084300000, 0x0000000084300000|100%|HC|  |TAMS 0x0000000084200000| PB 0x0000000084200000| Complete |  0
|  39|0x0000000084300000, 0x0000000084400000, 0x0000000084400000|100%|HS|  |TAMS 0x0000000084300000| PB 0x0000000084300000| Complete |  0
|  40|0x0000000084400000, 0x0000000084500000, 0x0000000084500000|100%|HC|  |TAMS 0x0000000084400000| PB 0x0000000084400000| Complete |  0
|  41|0x0000000084500000, 0x0000000084600000, 0x0000000084600000|100%|HC|  |TAMS 0x0000000084500000| PB 0x0000000084500000| Complete |  0
|  42|0x0000000084600000, 0x0000000084700000, 0x0000000084700000|100%|HC|  |TAMS 0x0000000084600000| PB 0x0000000084600000| Complete |  0
|  43|0x0000000084700000, 0x0000000084800000, 0x0000000084800000|100%|HS|  |TAMS 0x0000000084700000| PB 0x0000000084700000| Complete |  0
|  44|0x0000000084800000, 0x0000000084900000, 0x0000000084900000|100%|HC|  |TAMS 0x0000000084800000| PB 0x0000000084800000| Complete |  0
|  45|0x0000000084900000, 0x0000000084a00000, 0x0000000084a00000|100%|HC|  |TAMS 0x0000000084900000| PB 0x0000000084900000| Complete |  0
|  46|0x0000000084a00000, 0x0000000084b00000, 0x0000000084b00000|100%|HS|  |TAMS 0x0000000084a00000| PB 0x0000000084a00000| Complete |  0
|  47|0x0000000084b00000, 0x0000000084c00000, 0x0000000084c00000|100%|HC|  |TAMS 0x0000000084b00000| PB 0x0000000084b00000| Complete |  0
|  48|0x0000000084c00000, 0x0000000084d00000, 0x0000000084d00000|100%|HC|  |TAMS 0x0000000084c00000| PB 0x0000000084c00000| Complete |  0
|  49|0x0000000084d00000, 0x0000000084e00000, 0x0000000084e00000|100%|HC|  |TAMS 0x0000000084d00000| PB 0x0000000084d00000| Complete |  0
|  50|0x0000000084e00000, 0x0000000084f00000, 0x0000000084f00000|100%|HC|  |TAMS 0x0000000084e00000| PB 0x0000000084e00000| Complete |  0
|  51|0x0000000084f00000, 0x0000000085000000, 0x0000000085000000|100%|HC|  |TAMS 0x0000000084f00000| PB 0x0000000084f00000| Complete |  0
|  52|0x0000000085000000, 0x0000000085100000, 0x0000000085100000|100%|HC|  |TAMS 0x0000000085000000| PB 0x0000000085000000| Complete |  0
|  53|0x0000000085100000, 0x0000000085200000, 0x0000000085200000|100%| O|  |TAMS 0x0000000085100000| PB 0x0000000085100000| Untracked |  0
|  54|0x0000000085200000, 0x0000000085300000, 0x0000000085300000|100%| O|  |TAMS 0x0000000085200000| PB 0x0000000085200000| Untracked |  0
|  55|0x0000000085300000, 0x0000000085400000, 0x0000000085400000|100%| O|  |TAMS 0x0000000085300000| PB 0x0000000085300000| Untracked |  0
|  56|0x0000000085400000, 0x0000000085500000, 0x0000000085500000|100%|HS|  |TAMS 0x0000000085400000| PB 0x0000000085400000| Complete |  0
|  57|0x0000000085500000, 0x0000000085600000, 0x0000000085600000|100%|HC|  |TAMS 0x0000000085500000| PB 0x0000000085500000| Complete |  0
|  58|0x0000000085600000, 0x0000000085700000, 0x0000000085700000|100%|HC|  |TAMS 0x0000000085600000| PB 0x0000000085600000| Complete |  0
|  59|0x0000000085700000, 0x0000000085800000, 0x0000000085800000|100%|HC|  |TAMS 0x0000000085700000| PB 0x0000000085700000| Complete |  0
|  60|0x0000000085800000, 0x0000000085900000, 0x0000000085900000|100%|HC|  |TAMS 0x0000000085800000| PB 0x0000000085800000| Complete |  0
|  61|0x0000000085900000, 0x0000000085a00000, 0x0000000085a00000|100%|HC|  |TAMS 0x0000000085900000| PB 0x0000000085900000| Complete |  0
|  62|0x0000000085a00000, 0x0000000085b00000, 0x0000000085b00000|100%|HC|  |TAMS 0x0000000085a00000| PB 0x0000000085a00000| Complete |  0
|  63|0x0000000085b00000, 0x0000000085c00000, 0x0000000085c00000|100%|HC|  |TAMS 0x0000000085b00000| PB 0x0000000085b00000| Complete |  0
|  64|0x0000000085c00000, 0x0000000085d00000, 0x0000000085d00000|100%|HS|  |TAMS 0x0000000085c00000| PB 0x0000000085c00000| Complete |  0
|  65|0x0000000085d00000, 0x0000000085e00000, 0x0000000085e00000|100%|HC|  |TAMS 0x0000000085d00000| PB 0x0000000085d00000| Complete |  0
|  66|0x0000000085e00000, 0x0000000085f00000, 0x0000000085f00000|100%|HC|  |TAMS 0x0000000085e00000| PB 0x0000000085e00000| Complete |  0
|  67|0x0000000085f00000, 0x0000000086000000, 0x0000000086000000|100%|HC|  |TAMS 0x0000000085f00000| PB 0x0000000085f00000| Complete |  0
|  68|0x0000000086000000, 0x0000000086100000, 0x0000000086100000|100%|HS|  |TAMS 0x0000000086000000| PB 0x0000000086000000| Complete |  0
|  69|0x0000000086100000, 0x0000000086200000, 0x0000000086200000|100%|HS|  |TAMS 0x0000000086100000| PB 0x0000000086100000| Complete |  0
|  70|0x0000000086200000, 0x0000000086300000, 0x0000000086300000|100%|HC|  |TAMS 0x0000000086200000| PB 0x0000000086200000| Complete |  0
|  71|0x0000000086300000, 0x0000000086400000, 0x0000000086400000|100%|HS|  |TAMS 0x0000000086300000| PB 0x0000000086300000| Complete |  0
|  72|0x0000000086400000, 0x0000000086500000, 0x0000000086500000|100%|HS|  |TAMS 0x0000000086400000| PB 0x0000000086400000| Complete |  0
|  73|0x0000000086500000, 0x0000000086600000, 0x0000000086600000|100%|HC|  |TAMS 0x0000000086500000| PB 0x0000000086500000| Complete |  0
|  74|0x0000000086600000, 0x0000000086700000, 0x0000000086700000|100%|HC|  |TAMS 0x0000000086600000| PB 0x0000000086600000| Complete |  0
|  75|0x0000000086700000, 0x0000000086800000, 0x0000000086800000|100%|HS|  |TAMS 0x0000000086700000| PB 0x0000000086700000| Complete |  0
|  76|0x0000000086800000, 0x0000000086900000, 0x0000000086900000|100%|HS|  |TAMS 0x0000000086800000| PB 0x0000000086800000| Complete |  0
|  77|0x0000000086900000, 0x0000000086a00000, 0x0000000086a00000|100%|HC|  |TAMS 0x0000000086900000| PB 0x0000000086900000| Complete |  0
|  78|0x0000000086a00000, 0x0000000086b00000, 0x0000000086b00000|100%|HC|  |TAMS 0x0000000086a00000| PB 0x0000000086a00000| Complete |  0
|  79|0x0000000086b00000, 0x0000000086c00000, 0x0000000086c00000|100%|HS|  |TAMS 0x0000000086b00000| PB 0x0000000086b00000| Complete |  0
|  80|0x0000000086c00000, 0x0000000086d00000, 0x0000000086d00000|100%|HC|  |TAMS 0x0000000086c00000| PB 0x0000000086c00000| Complete |  0
|  81|0x0000000086d00000, 0x0000000086e00000, 0x0000000086e00000|100%|HC|  |TAMS 0x0000000086d00000| PB 0x0000000086d00000| Complete |  0
|  82|0x0000000086e00000, 0x0000000086f00000, 0x0000000086f00000|100%|HC|  |TAMS 0x0000000086e00000| PB 0x0000000086e00000| Complete |  0
|  83|0x0000000086f00000, 0x0000000087000000, 0x0000000087000000|100%|HC|  |TAMS 0x0000000086f00000| PB 0x0000000086f00000| Complete |  0
|  84|0x0000000087000000, 0x0000000087100000, 0x0000000087100000|100%|HC|  |TAMS 0x0000000087000000| PB 0x0000000087000000| Complete |  0
|  85|0x0000000087100000, 0x0000000087200000, 0x0000000087200000|100%|HC|  |TAMS 0x0000000087100000| PB 0x0000000087100000| Complete |  0
|  86|0x0000000087200000, 0x0000000087300000, 0x0000000087300000|100%|HC|  |TAMS 0x0000000087200000| PB 0x0000000087200000| Complete |  0
|  87|0x0000000087300000, 0x0000000087400000, 0x0000000087400000|100%|HS|  |TAMS 0x0000000087300000| PB 0x0000000087300000| Complete |  0
|  88|0x0000000087400000, 0x0000000087500000, 0x0000000087500000|100%|HC|  |TAMS 0x0000000087400000| PB 0x0000000087400000| Complete |  0
|  89|0x0000000087500000, 0x0000000087600000, 0x0000000087600000|100%|HS|  |TAMS 0x0000000087500000| PB 0x0000000087500000| Complete |  0
|  90|0x0000000087600000, 0x0000000087700000, 0x0000000087700000|100%|HC|  |TAMS 0x0000000087600000| PB 0x0000000087600000| Complete |  0
|  91|0x0000000087700000, 0x0000000087800000, 0x0000000087800000|100%|HC|  |TAMS 0x0000000087700000| PB 0x0000000087700000| Complete |  0
|  92|0x0000000087800000, 0x0000000087900000, 0x0000000087900000|100%|HC|  |TAMS 0x0000000087800000| PB 0x0000000087800000| Complete |  0
|  93|0x0000000087900000, 0x0000000087a00000, 0x0000000087a00000|100%|HC|  |TAMS 0x0000000087900000| PB 0x0000000087900000| Complete |  0
|  94|0x0000000087a00000, 0x0000000087b00000, 0x0000000087b00000|100%|HC|  |TAMS 0x0000000087a00000| PB 0x0000000087a00000| Complete |  0
|  95|0x0000000087b00000, 0x0000000087c00000, 0x0000000087c00000|100%|HC|  |TAMS 0x0000000087b00000| PB 0x0000000087b00000| Complete |  0
|  96|0x0000000087c00000, 0x0000000087d00000, 0x0000000087d00000|100%|HC|  |TAMS 0x0000000087c00000| PB 0x0000000087c00000| Complete |  0
|  97|0x0000000087d00000, 0x0000000087e00000, 0x0000000087e00000|100%|HS|  |TAMS 0x0000000087d00000| PB 0x0000000087d00000| Complete |  0
|  98|0x0000000087e00000, 0x0000000087f00000, 0x0000000087f00000|100%|HC|  |TAMS 0x0000000087e00000| PB 0x0000000087e00000| Complete |  0
|  99|0x0000000087f00000, 0x0000000088000000, 0x0000000088000000|100%|HS|  |TAMS 0x0000000087f00000| PB 0x0000000087f00000| Complete |  0
| 100|0x0000000088000000, 0x0000000088100000, 0x0000000088100000|100%|HC|  |TAMS 0x0000000088000000| PB 0x0000000088000000| Complete |  0
| 101|0x0000000088100000, 0x0000000088200000, 0x0000000088200000|100%|HC|  |TAMS 0x0000000088100000| PB 0x0000000088100000| Complete |  0
| 102|0x0000000088200000, 0x0000000088300000, 0x0000000088300000|100%|HC|  |TAMS 0x0000000088200000| PB 0x0000000088200000| Complete |  0
| 103|0x0000000088300000, 0x0000000088400000, 0x0000000088400000|100%|HC|  |TAMS 0x0000000088300000| PB 0x0000000088300000| Complete |  0
| 104|0x0000000088400000, 0x0000000088500000, 0x0000000088500000|100%|HC|  |TAMS 0x0000000088400000| PB 0x0000000088400000| Complete |  0
| 105|0x0000000088500000, 0x0000000088600000, 0x0000000088600000|100%|HC|  |TAMS 0x0000000088500000| PB 0x0000000088500000| Complete |  0
| 106|0x0000000088600000, 0x0000000088700000, 0x0000000088700000|100%|HC|  |TAMS 0x0000000088600000| PB 0x0000000088600000| Complete |  0
| 107|0x0000000088700000, 0x0000000088800000, 0x0000000088800000|100%|HS|  |TAMS 0x0000000088700000| PB 0x0000000088700000| Complete |  0
| 108|0x0000000088800000, 0x0000000088900000, 0x0000000088900000|100%|HC|  |TAMS 0x0000000088800000| PB 0x0000000088800000| Complete |  0
| 109|0x0000000088900000, 0x0000000088a00000, 0x0000000088a00000|100%|HS|  |TAMS 0x0000000088900000| PB 0x0000000088900000| Complete |  0
| 110|0x0000000088a00000, 0x0000000088b00000, 0x0000000088b00000|100%|HC|  |TAMS 0x0000000088a00000| PB 0x0000000088a00000| Complete |  0
| 111|0x0000000088b00000, 0x0000000088c00000, 0x0000000088c00000|100%|HC|  |TAMS 0x0000000088b00000| PB 0x0000000088b00000| Complete |  0
| 112|0x0000000088c00000, 0x0000000088d00000, 0x0000000088d00000|100%|HC|  |TAMS 0x0000000088c00000| PB 0x0000000088c00000| Complete |  0
| 113|0x0000000088d00000, 0x0000000088e00000, 0x0000000088e00000|100%|HC|  |TAMS 0x0000000088d00000| PB 0x0000000088d00000| Complete |  0
| 114|0x0000000088e00000, 0x0000000088f00000, 0x0000000088f00000|100%|HC|  |TAMS 0x0000000088e00000| PB 0x0000000088e00000| Complete |  0
| 115|0x0000000088f00000, 0x0000000089000000, 0x0000000089000000|100%|HC|  |TAMS 0x0000000088f00000| PB 0x0000000088f00000| Complete |  0
| 116|0x0000000089000000, 0x0000000089100000, 0x0000000089100000|100%|HC|  |TAMS 0x0000000089000000| PB 0x0000000089000000| Complete |  0
| 117|0x0000000089100000, 0x0000000089200000, 0x0000000089200000|100%|HS|  |TAMS 0x0000000089100000| PB 0x0000000089100000| Complete |  0
| 118|0x0000000089200000, 0x0000000089300000, 0x0000000089300000|100%|HC|  |TAMS 0x0000000089200000| PB 0x0000000089200000| Complete |  0
| 119|0x0000000089300000, 0x0000000089400000, 0x0000000089400000|100%|HS|  |TAMS 0x0000000089300000| PB 0x0000000089300000| Complete |  0
| 120|0x0000000089400000, 0x0000000089500000, 0x0000000089500000|100%|HC|  |TAMS 0x0000000089400000| PB 0x0000000089400000| Complete |  0
| 121|0x0000000089500000, 0x0000000089600000, 0x0000000089600000|100%|HC|  |TAMS 0x0000000089500000| PB 0x0000000089500000| Complete |  0
| 122|0x0000000089600000, 0x0000000089700000, 0x0000000089700000|100%|HC|  |TAMS 0x0000000089600000| PB 0x0000000089600000| Complete |  0
| 123|0x0000000089700000, 0x0000000089800000, 0x0000000089800000|100%|HC|  |TAMS 0x0000000089700000| PB 0x0000000089700000| Complete |  0
| 124|0x0000000089800000, 0x0000000089900000, 0x0000000089900000|100%|HC|  |TAMS 0x0000000089800000| PB 0x0000000089800000| Complete |  0
| 125|0x0000000089900000, 0x0000000089a00000, 0x0000000089a00000|100%|HC|  |TAMS 0x0000000089900000| PB 0x0000000089900000| Complete |  0
| 126|0x0000000089a00000, 0x0000000089b00000, 0x0000000089b00000|100%|HC|  |TAMS 0x0000000089a00000| PB 0x0000000089a00000| Complete |  0
| 127|0x0000000089b00000, 0x0000000089c00000, 0x0000000089c00000|100%|HC|  |TAMS 0x0000000089b00000| PB 0x0000000089b00000| Complete |  0
| 128|0x0000000089c00000, 0x0000000089d00000, 0x0000000089d00000|100%|HS|  |TAMS 0x0000000089c00000| PB 0x0000000089c00000| Complete |  0
| 129|0x0000000089d00000, 0x0000000089e00000, 0x0000000089e00000|100%|HC|  |TAMS 0x0000000089d00000| PB 0x0000000089d00000| Complete |  0
| 130|0x0000000089e00000, 0x0000000089f00000, 0x0000000089f00000|100%|HS|  |TAMS 0x0000000089e00000| PB 0x0000000089e00000| Complete |  0
| 131|0x0000000089f00000, 0x000000008a000000, 0x000000008a000000|100%|HC|  |TAMS 0x0000000089f00000| PB 0x0000000089f00000| Complete |  0
| 132|0x000000008a000000, 0x000000008a100000, 0x000000008a100000|100%|HC|  |TAMS 0x000000008a000000| PB 0x000000008a000000| Complete |  0
| 133|0x000000008a100000, 0x000000008a200000, 0x000000008a200000|100%|HC|  |TAMS 0x000000008a100000| PB 0x000000008a100000| Complete |  0
| 134|0x000000008a200000, 0x000000008a300000, 0x000000008a300000|100%|HC|  |TAMS 0x000000008a200000| PB 0x000000008a200000| Complete |  0
| 135|0x000000008a300000, 0x000000008a400000, 0x000000008a400000|100%|HC|  |TAMS 0x000000008a300000| PB 0x000000008a300000| Complete |  0
| 136|0x000000008a400000, 0x000000008a500000, 0x000000008a500000|100%|HC|  |TAMS 0x000000008a400000| PB 0x000000008a400000| Complete |  0
| 137|0x000000008a500000, 0x000000008a600000, 0x000000008a600000|100%|HC|  |TAMS 0x000000008a500000| PB 0x000000008a500000| Complete |  0
| 138|0x000000008a600000, 0x000000008a700000, 0x000000008a700000|100%|HS|  |TAMS 0x000000008a600000| PB 0x000000008a600000| Complete |  0
| 139|0x000000008a700000, 0x000000008a800000, 0x000000008a800000|100%|HC|  |TAMS 0x000000008a700000| PB 0x000000008a700000| Complete |  0
| 140|0x000000008a800000, 0x000000008a900000, 0x000000008a900000|100%|HS|  |TAMS 0x000000008a800000| PB 0x000000008a800000| Complete |  0
| 141|0x000000008a900000, 0x000000008aa00000, 0x000000008aa00000|100%|HC|  |TAMS 0x000000008a900000| PB 0x000000008a900000| Complete |  0
| 142|0x000000008aa00000, 0x000000008ab00000, 0x000000008ab00000|100%|HC|  |TAMS 0x000000008aa00000| PB 0x000000008aa00000| Complete |  0
| 143|0x000000008ab00000, 0x000000008ac00000, 0x000000008ac00000|100%|HS|  |TAMS 0x000000008ab00000| PB 0x000000008ab00000| Complete |  0
| 144|0x000000008ac00000, 0x000000008ad00000, 0x000000008ad00000|100%|HC|  |TAMS 0x000000008ac00000| PB 0x000000008ac00000| Complete |  0
| 145|0x000000008ad00000, 0x000000008ae00000, 0x000000008ae00000|100%|HS|  |TAMS 0x000000008ad00000| PB 0x000000008ad00000| Complete |  0
| 146|0x000000008ae00000, 0x000000008af00000, 0x000000008af00000|100%|HC|  |TAMS 0x000000008ae00000| PB 0x000000008ae00000| Complete |  0
| 147|0x000000008af00000, 0x000000008b000000, 0x000000008b000000|100%|HC|  |TAMS 0x000000008af00000| PB 0x000000008af00000| Complete |  0
| 148|0x000000008b000000, 0x000000008b100000, 0x000000008b100000|100%|HC|  |TAMS 0x000000008b000000| PB 0x000000008b000000| Complete |  0
| 149|0x000000008b100000, 0x000000008b200000, 0x000000008b200000|100%|HC|  |TAMS 0x000000008b100000| PB 0x000000008b100000| Complete |  0
| 150|0x000000008b200000, 0x000000008b300000, 0x000000008b300000|100%|HC|  |TAMS 0x000000008b200000| PB 0x000000008b200000| Complete |  0
| 151|0x000000008b300000, 0x000000008b400000, 0x000000008b400000|100%|HC|  |TAMS 0x000000008b300000| PB 0x000000008b300000| Complete |  0
| 152|0x000000008b400000, 0x000000008b500000, 0x000000008b500000|100%|HC|  |TAMS 0x000000008b400000| PB 0x000000008b400000| Complete |  0
| 153|0x000000008b500000, 0x000000008b600000, 0x000000008b600000|100%|HC|  |TAMS 0x000000008b500000| PB 0x000000008b500000| Complete |  0
| 154|0x000000008b600000, 0x000000008b700000, 0x000000008b700000|100%|HC|  |TAMS 0x000000008b600000| PB 0x000000008b600000| Complete |  0
| 155|0x000000008b700000, 0x000000008b800000, 0x000000008b800000|100%|HC|  |TAMS 0x000000008b700000| PB 0x000000008b700000| Complete |  0
| 156|0x000000008b800000, 0x000000008b900000, 0x000000008b900000|100%|HS|  |TAMS 0x000000008b800000| PB 0x000000008b800000| Complete |  0
| 157|0x000000008b900000, 0x000000008ba00000, 0x000000008ba00000|100%|HC|  |TAMS 0x000000008b900000| PB 0x000000008b900000| Complete |  0
| 158|0x000000008ba00000, 0x000000008bb00000, 0x000000008bb00000|100%|HS|  |TAMS 0x000000008ba00000| PB 0x000000008ba00000| Complete |  0
| 159|0x000000008bb00000, 0x000000008bc00000, 0x000000008bc00000|100%|HC|  |TAMS 0x000000008bb00000| PB 0x000000008bb00000| Complete |  0
| 160|0x000000008bc00000, 0x000000008bd00000, 0x000000008bd00000|100%|HC|  |TAMS 0x000000008bc00000| PB 0x000000008bc00000| Complete |  0
| 161|0x000000008bd00000, 0x000000008be00000, 0x000000008be00000|100%|HC|  |TAMS 0x000000008bd00000| PB 0x000000008bd00000| Complete |  0
| 162|0x000000008be00000, 0x000000008bf00000, 0x000000008bf00000|100%|HC|  |TAMS 0x000000008be00000| PB 0x000000008be00000| Complete |  0
| 163|0x000000008bf00000, 0x000000008c000000, 0x000000008c000000|100%|HC|  |TAMS 0x000000008bf00000| PB 0x000000008bf00000| Complete |  0
| 164|0x000000008c000000, 0x000000008c100000, 0x000000008c100000|100%|HC|  |TAMS 0x000000008c000000| PB 0x000000008c000000| Complete |  0
| 165|0x000000008c100000, 0x000000008c200000, 0x000000008c200000|100%|HC|  |TAMS 0x000000008c100000| PB 0x000000008c100000| Complete |  0
| 166|0x000000008c200000, 0x000000008c300000, 0x000000008c300000|100%|HC|  |TAMS 0x000000008c200000| PB 0x000000008c200000| Complete |  0
| 167|0x000000008c300000, 0x000000008c400000, 0x000000008c400000|100%|HS|  |TAMS 0x000000008c300000| PB 0x000000008c300000| Complete |  0
| 168|0x000000008c400000, 0x000000008c500000, 0x000000008c500000|100%|HC|  |TAMS 0x000000008c400000| PB 0x000000008c400000| Complete |  0
| 169|0x000000008c500000, 0x000000008c600000, 0x000000008c600000|100%|HS|  |TAMS 0x000000008c500000| PB 0x000000008c500000| Complete |  0
| 170|0x000000008c600000, 0x000000008c700000, 0x000000008c700000|100%|HC|  |TAMS 0x000000008c600000| PB 0x000000008c600000| Complete |  0
| 171|0x000000008c700000, 0x000000008c800000, 0x000000008c800000|100%|HS|  |TAMS 0x000000008c700000| PB 0x000000008c700000| Complete |  0
| 172|0x000000008c800000, 0x000000008c900000, 0x000000008c900000|100%|HC|  |TAMS 0x000000008c800000| PB 0x000000008c800000| Complete |  0
| 173|0x000000008c900000, 0x000000008ca00000, 0x000000008ca00000|100%|HS|  |TAMS 0x000000008c900000| PB 0x000000008c900000| Complete |  0
| 174|0x000000008ca00000, 0x000000008cb00000, 0x000000008cb00000|100%|HC|  |TAMS 0x000000008ca00000| PB 0x000000008ca00000| Complete |  0
| 175|0x000000008cb00000, 0x000000008cc00000, 0x000000008cc00000|100%|HS|  |TAMS 0x000000008cb00000| PB 0x000000008cb00000| Complete |  0
| 176|0x000000008cc00000, 0x000000008cd00000, 0x000000008cd00000|100%|HC|  |TAMS 0x000000008cc00000| PB 0x000000008cc00000| Complete |  0
| 177|0x000000008cd00000, 0x000000008ce00000, 0x000000008ce00000|100%|HS|  |TAMS 0x000000008cd00000| PB 0x000000008cd00000| Complete |  0
| 178|0x000000008ce00000, 0x000000008cf00000, 0x000000008cf00000|100%|HC|  |TAMS 0x000000008ce00000| PB 0x000000008ce00000| Complete |  0
| 179|0x000000008cf00000, 0x000000008d000000, 0x000000008d000000|100%|HS|  |TAMS 0x000000008cf00000| PB 0x000000008cf00000| Complete |  0
| 180|0x000000008d000000, 0x000000008d100000, 0x000000008d100000|100%|HC|  |TAMS 0x000000008d000000| PB 0x000000008d000000| Complete |  0
| 181|0x000000008d100000, 0x000000008d200000, 0x000000008d200000|100%|HS|  |TAMS 0x000000008d100000| PB 0x000000008d100000| Complete |  0
| 182|0x000000008d200000, 0x000000008d300000, 0x000000008d300000|100%|HC|  |TAMS 0x000000008d200000| PB 0x000000008d200000| Complete |  0
| 183|0x000000008d300000, 0x000000008d400000, 0x000000008d400000|100%|HS|  |TAMS 0x000000008d300000| PB 0x000000008d300000| Complete |  0
| 184|0x000000008d400000, 0x000000008d500000, 0x000000008d500000|100%|HC|  |TAMS 0x000000008d400000| PB 0x000000008d400000| Complete |  0
| 185|0x000000008d500000, 0x000000008d600000, 0x000000008d600000|100%|HS|  |TAMS 0x000000008d500000| PB 0x000000008d500000| Complete |  0
| 186|0x000000008d600000, 0x000000008d700000, 0x000000008d700000|100%|HC|  |TAMS 0x000000008d600000| PB 0x000000008d600000| Complete |  0
| 187|0x000000008d700000, 0x000000008d800000, 0x000000008d800000|100%|HS|  |TAMS 0x000000008d700000| PB 0x000000008d700000| Complete |  0
| 188|0x000000008d800000, 0x000000008d900000, 0x000000008d900000|100%|HC|  |TAMS 0x000000008d800000| PB 0x000000008d800000| Complete |  0
| 189|0x000000008d900000, 0x000000008da00000, 0x000000008da00000|100%|HS|  |TAMS 0x000000008d900000| PB 0x000000008d900000| Complete |  0
| 190|0x000000008da00000, 0x000000008db00000, 0x000000008db00000|100%|HC|  |TAMS 0x000000008da00000| PB 0x000000008da00000| Complete |  0
| 191|0x000000008db00000, 0x000000008dc00000, 0x000000008dc00000|100%|HS|  |TAMS 0x000000008db00000| PB 0x000000008db00000| Complete |  0
| 192|0x000000008dc00000, 0x000000008dd00000, 0x000000008dd00000|100%|HC|  |TAMS 0x000000008dc00000| PB 0x000000008dc00000| Complete |  0
| 193|0x000000008dd00000, 0x000000008de00000, 0x000000008de00000|100%|HC|  |TAMS 0x000000008dd00000| PB 0x000000008dd00000| Complete |  0
| 194|0x000000008de00000, 0x000000008df00000, 0x000000008df00000|100%|HS|  |TAMS 0x000000008de00000| PB 0x000000008de00000| Complete |  0
| 195|0x000000008df00000, 0x000000008e000000, 0x000000008e000000|100%| O|  |TAMS 0x000000008df00000| PB 0x000000008df00000| Untracked |  0
| 196|0x000000008e000000, 0x000000008e100000, 0x000000008e100000|100%|HS|  |TAMS 0x000000008e000000| PB 0x000000008e000000| Complete |  0
| 197|0x000000008e100000, 0x000000008e200000, 0x000000008e200000|100%| O|  |TAMS 0x000000008e100000| PB 0x000000008e100000| Untracked |  0
| 198|0x000000008e200000, 0x000000008e300000, 0x000000008e300000|100%| O|  |TAMS 0x000000008e200000| PB 0x000000008e200000| Untracked |  0
| 199|0x000000008e300000, 0x000000008e400000, 0x000000008e400000|100%| O|  |TAMS 0x000000008e300000| PB 0x000000008e300000| Untracked |  0
| 200|0x000000008e400000, 0x000000008e419a40, 0x000000008e500000| 10%| O|  |TAMS 0x000000008e400000| PB 0x000000008e400000| Untracked |  0
| 201|0x000000008e500000, 0x000000008e600000, 0x000000008e600000|100%|HS|  |TAMS 0x000000008e500000| PB 0x000000008e500000| Complete |  0
| 202|0x000000008e600000, 0x000000008e700000, 0x000000008e700000|100%|HC|  |TAMS 0x000000008e600000| PB 0x000000008e600000| Complete |  0
| 203|0x000000008e700000, 0x000000008e800000, 0x000000008e800000|100%|HS|  |TAMS 0x000000008e700000| PB 0x000000008e700000| Complete |  0
| 204|0x000000008e800000, 0x000000008e900000, 0x000000008e900000|100%|HC|  |TAMS 0x000000008e800000| PB 0x000000008e800000| Complete |  0
| 205|0x000000008e900000, 0x000000008ea00000, 0x000000008ea00000|100%|HC|  |TAMS 0x000000008e900000| PB 0x000000008e900000| Complete |  0
| 206|0x000000008ea00000, 0x000000008eb00000, 0x000000008eb00000|100%|HS|  |TAMS 0x000000008ea00000| PB 0x000000008ea00000| Complete |  0
| 207|0x000000008eb00000, 0x000000008ec00000, 0x000000008ec00000|100%|HC|  |TAMS 0x000000008eb00000| PB 0x000000008eb00000| Complete |  0
| 208|0x000000008ec00000, 0x000000008ec00000, 0x000000008ed00000|  0%| F|  |TAMS 0x000000008ec00000| PB 0x000000008ec00000| Untracked |  0
| 209|0x000000008ed00000, 0x000000008ed00000, 0x000000008ee00000|  0%| F|  |TAMS 0x000000008ed00000| PB 0x000000008ed00000| Untracked |  0
| 210|0x000000008ee00000, 0x000000008ee00000, 0x000000008ef00000|  0%| F|  |TAMS 0x000000008ee00000| PB 0x000000008ee00000| Untracked |  0
| 211|0x000000008ef00000, 0x000000008ef00000, 0x000000008f000000|  0%| F|  |TAMS 0x000000008ef00000| PB 0x000000008ef00000| Untracked |  0
| 212|0x000000008f000000, 0x000000008f000000, 0x000000008f100000|  0%| F|  |TAMS 0x000000008f000000| PB 0x000000008f000000| Untracked |  0
| 213|0x000000008f100000, 0x000000008f100000, 0x000000008f200000|  0%| F|  |TAMS 0x000000008f100000| PB 0x000000008f100000| Untracked |  0
| 214|0x000000008f200000, 0x000000008f200000, 0x000000008f300000|  0%| F|  |TAMS 0x000000008f200000| PB 0x000000008f200000| Untracked |  0
| 215|0x000000008f300000, 0x000000008f300000, 0x000000008f400000|  0%| F|  |TAMS 0x000000008f300000| PB 0x000000008f300000| Untracked |  0
| 216|0x000000008f400000, 0x000000008f400000, 0x000000008f500000|  0%| F|  |TAMS 0x000000008f400000| PB 0x000000008f400000| Untracked |  0
| 217|0x000000008f500000, 0x000000008f500000, 0x000000008f600000|  0%| F|  |TAMS 0x000000008f500000| PB 0x000000008f500000| Untracked |  0
| 218|0x000000008f600000, 0x000000008f600000, 0x000000008f700000|  0%| F|  |TAMS 0x000000008f600000| PB 0x000000008f600000| Untracked |  0
| 219|0x000000008f700000, 0x000000008f700000, 0x000000008f800000|  0%| F|  |TAMS 0x000000008f700000| PB 0x000000008f700000| Untracked |  0
| 220|0x000000008f800000, 0x000000008f800000, 0x000000008f900000|  0%| F|  |TAMS 0x000000008f800000| PB 0x000000008f800000| Untracked |  0
| 221|0x000000008f900000, 0x000000008f900000, 0x000000008fa00000|  0%| F|  |TAMS 0x000000008f900000| PB 0x000000008f900000| Untracked |  0
| 222|0x000000008fa00000, 0x000000008fa00000, 0x000000008fb00000|  0%| F|  |TAMS 0x000000008fa00000| PB 0x000000008fa00000| Untracked |  0
| 223|0x000000008fb00000, 0x000000008fb00000, 0x000000008fc00000|  0%| F|  |TAMS 0x000000008fb00000| PB 0x000000008fb00000| Untracked |  0
| 224|0x000000008fc00000, 0x000000008fc00000, 0x000000008fd00000|  0%| F|  |TAMS 0x000000008fc00000| PB 0x000000008fc00000| Untracked |  0
| 225|0x000000008fd00000, 0x000000008fd00000, 0x000000008fe00000|  0%| F|  |TAMS 0x000000008fd00000| PB 0x000000008fd00000| Untracked |  0
| 226|0x000000008fe00000, 0x000000008fe00000, 0x000000008ff00000|  0%| F|  |TAMS 0x000000008fe00000| PB 0x000000008fe00000| Untracked |  0
| 227|0x000000008ff00000, 0x000000008ff00000, 0x0000000090000000|  0%| F|  |TAMS 0x000000008ff00000| PB 0x000000008ff00000| Untracked |  0
| 228|0x0000000090000000, 0x0000000090000000, 0x0000000090100000|  0%| F|  |TAMS 0x0000000090000000| PB 0x0000000090000000| Untracked |  0
| 229|0x0000000090100000, 0x0000000090100000, 0x0000000090200000|  0%| F|  |TAMS 0x0000000090100000| PB 0x0000000090100000| Untracked |  0
| 230|0x0000000090200000, 0x0000000090200000, 0x0000000090300000|  0%| F|  |TAMS 0x0000000090200000| PB 0x0000000090200000| Untracked |  0
| 231|0x0000000090300000, 0x0000000090300000, 0x0000000090400000|  0%| F|  |TAMS 0x0000000090300000| PB 0x0000000090300000| Untracked |  0
| 232|0x0000000090400000, 0x0000000090400000, 0x0000000090500000|  0%| F|  |TAMS 0x0000000090400000| PB 0x0000000090400000| Untracked |  0
| 233|0x0000000090500000, 0x00000000905334a0, 0x0000000090600000| 20%| S|CS|TAMS 0x0000000090500000| PB 0x0000000090500000| Complete |  0
| 234|0x0000000090600000, 0x0000000090600000, 0x0000000090700000|  0%| F|  |TAMS 0x0000000090600000| PB 0x0000000090600000| Untracked |  0
| 235|0x0000000090700000, 0x0000000090700000, 0x0000000090800000|  0%| F|  |TAMS 0x0000000090700000| PB 0x0000000090700000| Untracked |  0
| 236|0x0000000090800000, 0x0000000090800000, 0x0000000090900000|  0%| F|  |TAMS 0x0000000090800000| PB 0x0000000090800000| Untracked |  0
| 237|0x0000000090900000, 0x0000000090900000, 0x0000000090a00000|  0%| F|  |TAMS 0x0000000090900000| PB 0x0000000090900000| Untracked |  0
| 238|0x0000000090a00000, 0x0000000090a00000, 0x0000000090b00000|  0%| F|  |TAMS 0x0000000090a00000| PB 0x0000000090a00000| Untracked |  0
| 239|0x0000000090b00000, 0x0000000090b00000, 0x0000000090c00000|  0%| F|  |TAMS 0x0000000090b00000| PB 0x0000000090b00000| Untracked |  0
| 240|0x0000000090c00000, 0x0000000090c00000, 0x0000000090d00000|  0%| F|  |TAMS 0x0000000090c00000| PB 0x0000000090c00000| Untracked |  0
| 241|0x0000000090d00000, 0x0000000090d00000, 0x0000000090e00000|  0%| F|  |TAMS 0x0000000090d00000| PB 0x0000000090d00000| Untracked |  0
| 242|0x0000000090e00000, 0x0000000090e00000, 0x0000000090f00000|  0%| F|  |TAMS 0x0000000090e00000| PB 0x0000000090e00000| Untracked |  0
| 243|0x0000000090f00000, 0x0000000090f00000, 0x0000000091000000|  0%| F|  |TAMS 0x0000000090f00000| PB 0x0000000090f00000| Untracked |  0
| 244|0x0000000091000000, 0x0000000091000000, 0x0000000091100000|  0%| F|  |TAMS 0x0000000091000000| PB 0x0000000091000000| Untracked |  0
| 245|0x0000000091100000, 0x0000000091100000, 0x0000000091200000|  0%| F|  |TAMS 0x0000000091100000| PB 0x0000000091100000| Untracked |  0
| 246|0x0000000091200000, 0x0000000091200000, 0x0000000091300000|  0%| F|  |TAMS 0x0000000091200000| PB 0x0000000091200000| Untracked |  0
| 247|0x0000000091300000, 0x0000000091300000, 0x0000000091400000|  0%| F|  |TAMS 0x0000000091300000| PB 0x0000000091300000| Untracked |  0
| 248|0x0000000091400000, 0x0000000091400000, 0x0000000091500000|  0%| F|  |TAMS 0x0000000091400000| PB 0x0000000091400000| Untracked |  0
| 249|0x0000000091500000, 0x0000000091500000, 0x0000000091600000|  0%| F|  |TAMS 0x0000000091500000| PB 0x0000000091500000| Untracked |  0
| 250|0x0000000091600000, 0x0000000091600000, 0x0000000091700000|  0%| F|  |TAMS 0x0000000091600000| PB 0x0000000091600000| Untracked |  0
| 251|0x0000000091700000, 0x0000000091700000, 0x0000000091800000|  0%| F|  |TAMS 0x0000000091700000| PB 0x0000000091700000| Untracked |  0
| 252|0x0000000091800000, 0x0000000091800000, 0x0000000091900000|  0%| F|  |TAMS 0x0000000091800000| PB 0x0000000091800000| Untracked |  0
| 253|0x0000000091900000, 0x0000000091900000, 0x0000000091a00000|  0%| F|  |TAMS 0x0000000091900000| PB 0x0000000091900000| Untracked |  0
| 254|0x0000000091a00000, 0x0000000091a00000, 0x0000000091b00000|  0%| F|  |TAMS 0x0000000091a00000| PB 0x0000000091a00000| Untracked |  0
| 255|0x0000000091b00000, 0x0000000091b00000, 0x0000000091c00000|  0%| F|  |TAMS 0x0000000091b00000| PB 0x0000000091b00000| Untracked |  0
| 256|0x0000000091c00000, 0x0000000091c00000, 0x0000000091d00000|  0%| F|  |TAMS 0x0000000091c00000| PB 0x0000000091c00000| Untracked |  0
| 257|0x0000000091d00000, 0x0000000091d00000, 0x0000000091e00000|  0%| F|  |TAMS 0x0000000091d00000| PB 0x0000000091d00000| Untracked |  0
| 258|0x0000000091e00000, 0x0000000091f00000, 0x0000000091f00000|100%|HS|  |TAMS 0x0000000091e00000| PB 0x0000000091e00000| Complete |  0
| 259|0x0000000091f00000, 0x0000000092000000, 0x0000000092000000|100%|HC|  |TAMS 0x0000000091f00000| PB 0x0000000091f00000| Complete |  0
| 260|0x0000000092000000, 0x0000000092100000, 0x0000000092100000|100%|HC|  |TAMS 0x0000000092000000| PB 0x0000000092000000| Complete |  0
| 261|0x0000000092100000, 0x0000000092200000, 0x0000000092200000|100%|HC|  |TAMS 0x0000000092100000| PB 0x0000000092100000| Complete |  0
| 262|0x0000000092200000, 0x0000000092300000, 0x0000000092300000|100%|HC|  |TAMS 0x0000000092200000| PB 0x0000000092200000| Complete |  0
| 263|0x0000000092300000, 0x0000000092400000, 0x0000000092400000|100%|HC|  |TAMS 0x0000000092300000| PB 0x0000000092300000| Complete |  0
| 264|0x0000000092400000, 0x0000000092500000, 0x0000000092500000|100%|HC|  |TAMS 0x0000000092400000| PB 0x0000000092400000| Complete |  0
| 265|0x0000000092500000, 0x0000000092600000, 0x0000000092600000|100%|HC|  |TAMS 0x0000000092500000| PB 0x0000000092500000| Complete |  0
| 266|0x0000000092600000, 0x0000000092700000, 0x0000000092700000|100%|HC|  |TAMS 0x0000000092600000| PB 0x0000000092600000| Complete |  0
| 267|0x0000000092700000, 0x0000000092800000, 0x0000000092800000|100%|HC|  |TAMS 0x0000000092700000| PB 0x0000000092700000| Complete |  0
| 268|0x0000000092800000, 0x0000000092900000, 0x0000000092900000|100%|HC|  |TAMS 0x0000000092800000| PB 0x0000000092800000| Complete |  0
| 269|0x0000000092900000, 0x0000000092a00000, 0x0000000092a00000|100%|HC|  |TAMS 0x0000000092900000| PB 0x0000000092900000| Complete |  0
| 270|0x0000000092a00000, 0x0000000092b00000, 0x0000000092b00000|100%|HC|  |TAMS 0x0000000092a00000| PB 0x0000000092a00000| Complete |  0
| 271|0x0000000092b00000, 0x0000000092c00000, 0x0000000092c00000|100%|HC|  |TAMS 0x0000000092b00000| PB 0x0000000092b00000| Complete |  0
| 272|0x0000000092c00000, 0x0000000092d00000, 0x0000000092d00000|100%|HC|  |TAMS 0x0000000092c00000| PB 0x0000000092c00000| Complete |  0
| 273|0x0000000092d00000, 0x0000000092e00000, 0x0000000092e00000|100%|HC|  |TAMS 0x0000000092d00000| PB 0x0000000092d00000| Complete |  0
| 274|0x0000000092e00000, 0x0000000092f00000, 0x0000000092f00000|100%|HC|  |TAMS 0x0000000092e00000| PB 0x0000000092e00000| Complete |  0
| 275|0x0000000092f00000, 0x0000000093000000, 0x0000000093000000|100%|HC|  |TAMS 0x0000000092f00000| PB 0x0000000092f00000| Complete |  0
| 276|0x0000000093000000, 0x0000000093100000, 0x0000000093100000|100%|HC|  |TAMS 0x0000000093000000| PB 0x0000000093000000| Complete |  0
| 277|0x0000000093100000, 0x0000000093200000, 0x0000000093200000|100%|HC|  |TAMS 0x0000000093100000| PB 0x0000000093100000| Complete |  0
| 278|0x0000000093200000, 0x0000000093300000, 0x0000000093300000|100%|HC|  |TAMS 0x0000000093200000| PB 0x0000000093200000| Complete |  0
| 279|0x0000000093300000, 0x0000000093400000, 0x0000000093400000|100%|HC|  |TAMS 0x0000000093300000| PB 0x0000000093300000| Complete |  0
| 280|0x0000000093400000, 0x0000000093500000, 0x0000000093500000|100%|HC|  |TAMS 0x0000000093400000| PB 0x0000000093400000| Complete |  0
| 281|0x0000000093500000, 0x0000000093600000, 0x0000000093600000|100%|HC|  |TAMS 0x0000000093500000| PB 0x0000000093500000| Complete |  0
| 282|0x0000000093600000, 0x0000000093700000, 0x0000000093700000|100%|HC|  |TAMS 0x0000000093600000| PB 0x0000000093600000| Complete |  0
| 283|0x0000000093700000, 0x0000000093800000, 0x0000000093800000|100%|HC|  |TAMS 0x0000000093700000| PB 0x0000000093700000| Complete |  0
| 284|0x0000000093800000, 0x0000000093900000, 0x0000000093900000|100%|HC|  |TAMS 0x0000000093800000| PB 0x0000000093800000| Complete |  0
| 285|0x0000000093900000, 0x0000000093a00000, 0x0000000093a00000|100%|HC|  |TAMS 0x0000000093900000| PB 0x0000000093900000| Complete |  0
| 286|0x0000000093a00000, 0x0000000093b00000, 0x0000000093b00000|100%|HC|  |TAMS 0x0000000093a00000| PB 0x0000000093a00000| Complete |  0
| 287|0x0000000093b00000, 0x0000000093c00000, 0x0000000093c00000|100%|HC|  |TAMS 0x0000000093b00000| PB 0x0000000093b00000| Complete |  0
| 288|0x0000000093c00000, 0x0000000093d00000, 0x0000000093d00000|100%|HC|  |TAMS 0x0000000093c00000| PB 0x0000000093c00000| Complete |  0
| 289|0x0000000093d00000, 0x0000000093e00000, 0x0000000093e00000|100%|HC|  |TAMS 0x0000000093d00000| PB 0x0000000093d00000| Complete |  0
| 290|0x0000000093e00000, 0x0000000093f00000, 0x0000000093f00000|100%|HC|  |TAMS 0x0000000093e00000| PB 0x0000000093e00000| Complete |  0
| 291|0x0000000093f00000, 0x0000000094000000, 0x0000000094000000|100%|HC|  |TAMS 0x0000000093f00000| PB 0x0000000093f00000| Complete |  0
| 292|0x0000000094000000, 0x0000000094100000, 0x0000000094100000|100%|HC|  |TAMS 0x0000000094000000| PB 0x0000000094000000| Complete |  0
| 293|0x0000000094100000, 0x0000000094200000, 0x0000000094200000|100%|HC|  |TAMS 0x0000000094100000| PB 0x0000000094100000| Complete |  0
| 294|0x0000000094200000, 0x0000000094300000, 0x0000000094300000|100%|HC|  |TAMS 0x0000000094200000| PB 0x0000000094200000| Complete |  0
| 295|0x0000000094300000, 0x0000000094400000, 0x0000000094400000|100%|HC|  |TAMS 0x0000000094300000| PB 0x0000000094300000| Complete |  0
| 296|0x0000000094400000, 0x0000000094400000, 0x0000000094500000|  0%| F|  |TAMS 0x0000000094400000| PB 0x0000000094400000| Untracked |  0
| 297|0x0000000094500000, 0x0000000094500000, 0x0000000094600000|  0%| F|  |TAMS 0x0000000094500000| PB 0x0000000094500000| Untracked |  0
| 298|0x0000000094600000, 0x0000000094600000, 0x0000000094700000|  0%| F|  |TAMS 0x0000000094600000| PB 0x0000000094600000| Untracked |  0
| 299|0x0000000094700000, 0x0000000094700000, 0x0000000094800000|  0%| F|  |TAMS 0x0000000094700000| PB 0x0000000094700000| Untracked |  0
| 300|0x0000000094800000, 0x0000000094800000, 0x0000000094900000|  0%| F|  |TAMS 0x0000000094800000| PB 0x0000000094800000| Untracked |  0
| 301|0x0000000094900000, 0x0000000094900000, 0x0000000094a00000|  0%| F|  |TAMS 0x0000000094900000| PB 0x0000000094900000| Untracked |  0
| 302|0x0000000094a00000, 0x0000000094b00000, 0x0000000094b00000|100%|HS|  |TAMS 0x0000000094a00000| PB 0x0000000094a00000| Complete |  0
| 303|0x0000000094b00000, 0x0000000094c00000, 0x0000000094c00000|100%|HC|  |TAMS 0x0000000094b00000| PB 0x0000000094b00000| Complete |  0
| 304|0x0000000094c00000, 0x0000000094d00000, 0x0000000094d00000|100%|HC|  |TAMS 0x0000000094c00000| PB 0x0000000094c00000| Complete |  0
| 305|0x0000000094d00000, 0x0000000094e00000, 0x0000000094e00000|100%|HC|  |TAMS 0x0000000094d00000| PB 0x0000000094d00000| Complete |  0
| 306|0x0000000094e00000, 0x0000000094f00000, 0x0000000094f00000|100%|HC|  |TAMS 0x0000000094e00000| PB 0x0000000094e00000| Complete |  0
| 307|0x0000000094f00000, 0x0000000095000000, 0x0000000095000000|100%|HC|  |TAMS 0x0000000094f00000| PB 0x0000000094f00000| Complete |  0
| 308|0x0000000095000000, 0x0000000095100000, 0x0000000095100000|100%|HC|  |TAMS 0x0000000095000000| PB 0x0000000095000000| Complete |  0
| 309|0x0000000095100000, 0x0000000095200000, 0x0000000095200000|100%|HC|  |TAMS 0x0000000095100000| PB 0x0000000095100000| Complete |  0
| 310|0x0000000095200000, 0x0000000095300000, 0x0000000095300000|100%|HC|  |TAMS 0x0000000095200000| PB 0x0000000095200000| Complete |  0
| 311|0x0000000095300000, 0x0000000095400000, 0x0000000095400000|100%|HC|  |TAMS 0x0000000095300000| PB 0x0000000095300000| Complete |  0
| 312|0x0000000095400000, 0x0000000095500000, 0x0000000095500000|100%|HC|  |TAMS 0x0000000095400000| PB 0x0000000095400000| Complete |  0
| 313|0x0000000095500000, 0x0000000095600000, 0x0000000095600000|100%|HC|  |TAMS 0x0000000095500000| PB 0x0000000095500000| Complete |  0
| 314|0x0000000095600000, 0x0000000095700000, 0x0000000095700000|100%|HC|  |TAMS 0x0000000095600000| PB 0x0000000095600000| Complete |  0
| 315|0x0000000095700000, 0x0000000095800000, 0x0000000095800000|100%|HC|  |TAMS 0x0000000095700000| PB 0x0000000095700000| Complete |  0
| 316|0x0000000095800000, 0x0000000095900000, 0x0000000095900000|100%|HC|  |TAMS 0x0000000095800000| PB 0x0000000095800000| Complete |  0
| 317|0x0000000095900000, 0x0000000095a00000, 0x0000000095a00000|100%|HC|  |TAMS 0x0000000095900000| PB 0x0000000095900000| Complete |  0
| 318|0x0000000095a00000, 0x0000000095b00000, 0x0000000095b00000|100%|HC|  |TAMS 0x0000000095a00000| PB 0x0000000095a00000| Complete |  0
| 319|0x0000000095b00000, 0x0000000095c00000, 0x0000000095c00000|100%|HC|  |TAMS 0x0000000095b00000| PB 0x0000000095b00000| Complete |  0
| 320|0x0000000095c00000, 0x0000000095d00000, 0x0000000095d00000|100%|HC|  |TAMS 0x0000000095c00000| PB 0x0000000095c00000| Complete |  0
| 321|0x0000000095d00000, 0x0000000095e00000, 0x0000000095e00000|100%|HC|  |TAMS 0x0000000095d00000| PB 0x0000000095d00000| Complete |  0
| 322|0x0000000095e00000, 0x0000000095f00000, 0x0000000095f00000|100%|HC|  |TAMS 0x0000000095e00000| PB 0x0000000095e00000| Complete |  0
| 323|0x0000000095f00000, 0x0000000096000000, 0x0000000096000000|100%|HC|  |TAMS 0x0000000095f00000| PB 0x0000000095f00000| Complete |  0
| 324|0x0000000096000000, 0x0000000096100000, 0x0000000096100000|100%|HC|  |TAMS 0x0000000096000000| PB 0x0000000096000000| Complete |  0
| 325|0x0000000096100000, 0x0000000096200000, 0x0000000096200000|100%|HC|  |TAMS 0x0000000096100000| PB 0x0000000096100000| Complete |  0
| 326|0x0000000096200000, 0x0000000096300000, 0x0000000096300000|100%|HC|  |TAMS 0x0000000096200000| PB 0x0000000096200000| Complete |  0
| 327|0x0000000096300000, 0x0000000096400000, 0x0000000096400000|100%|HC|  |TAMS 0x0000000096300000| PB 0x0000000096300000| Complete |  0
| 328|0x0000000096400000, 0x0000000096500000, 0x0000000096500000|100%|HC|  |TAMS 0x0000000096400000| PB 0x0000000096400000| Complete |  0
| 329|0x0000000096500000, 0x0000000096600000, 0x0000000096600000|100%|HC|  |TAMS 0x0000000096500000| PB 0x0000000096500000| Complete |  0
| 330|0x0000000096600000, 0x0000000096700000, 0x0000000096700000|100%|HC|  |TAMS 0x0000000096600000| PB 0x0000000096600000| Complete |  0
| 331|0x0000000096700000, 0x0000000096800000, 0x0000000096800000|100%|HC|  |TAMS 0x0000000096700000| PB 0x0000000096700000| Complete |  0
| 332|0x0000000096800000, 0x0000000096900000, 0x0000000096900000|100%|HC|  |TAMS 0x0000000096800000| PB 0x0000000096800000| Complete |  0
| 333|0x0000000096900000, 0x0000000096a00000, 0x0000000096a00000|100%|HC|  |TAMS 0x0000000096900000| PB 0x0000000096900000| Complete |  0
| 334|0x0000000096a00000, 0x0000000096b00000, 0x0000000096b00000|100%|HC|  |TAMS 0x0000000096a00000| PB 0x0000000096a00000| Complete |  0
| 335|0x0000000096b00000, 0x0000000096c00000, 0x0000000096c00000|100%|HC|  |TAMS 0x0000000096b00000| PB 0x0000000096b00000| Complete |  0
| 336|0x0000000096c00000, 0x0000000096d00000, 0x0000000096d00000|100%|HC|  |TAMS 0x0000000096c00000| PB 0x0000000096c00000| Complete |  0
| 337|0x0000000096d00000, 0x0000000096e00000, 0x0000000096e00000|100%|HC|  |TAMS 0x0000000096d00000| PB 0x0000000096d00000| Complete |  0
| 338|0x0000000096e00000, 0x0000000096f00000, 0x0000000096f00000|100%|HC|  |TAMS 0x0000000096e00000| PB 0x0000000096e00000| Complete |  0
| 339|0x0000000096f00000, 0x0000000097000000, 0x0000000097000000|100%|HC|  |TAMS 0x0000000096f00000| PB 0x0000000096f00000| Complete |  0
| 340|0x0000000097000000, 0x0000000097100000, 0x0000000097100000|100%|HC|  |TAMS 0x0000000097000000| PB 0x0000000097000000| Complete |  0
| 341|0x0000000097100000, 0x0000000097100000, 0x0000000097200000|  0%| F|  |TAMS 0x0000000097100000| PB 0x0000000097100000| Untracked |  0
| 342|0x0000000097200000, 0x0000000097200000, 0x0000000097300000|  0%| F|  |TAMS 0x0000000097200000| PB 0x0000000097200000| Untracked |  0
| 343|0x0000000097300000, 0x0000000097300000, 0x0000000097400000|  0%| F|  |TAMS 0x0000000097300000| PB 0x0000000097300000| Untracked |  0
| 344|0x0000000097400000, 0x0000000097400000, 0x0000000097500000|  0%| F|  |TAMS 0x0000000097400000| PB 0x0000000097400000| Untracked |  0
| 345|0x0000000097500000, 0x0000000097500000, 0x0000000097600000|  0%| F|  |TAMS 0x0000000097500000| PB 0x0000000097500000| Untracked |  0
| 346|0x0000000097600000, 0x0000000097600000, 0x0000000097700000|  0%| F|  |TAMS 0x0000000097600000| PB 0x0000000097600000| Untracked |  0
| 347|0x0000000097700000, 0x0000000097700000, 0x0000000097800000|  0%| F|  |TAMS 0x0000000097700000| PB 0x0000000097700000| Untracked |  0
| 348|0x0000000097800000, 0x0000000097800000, 0x0000000097900000|  0%| F|  |TAMS 0x0000000097800000| PB 0x0000000097800000| Untracked |  0
| 349|0x0000000097900000, 0x0000000097900000, 0x0000000097a00000|  0%| F|  |TAMS 0x0000000097900000| PB 0x0000000097900000| Untracked |  0
| 350|0x0000000097a00000, 0x0000000097a00000, 0x0000000097b00000|  0%| F|  |TAMS 0x0000000097a00000| PB 0x0000000097a00000| Untracked |  0
| 351|0x0000000097b00000, 0x0000000097b00000, 0x0000000097c00000|  0%| F|  |TAMS 0x0000000097b00000| PB 0x0000000097b00000| Untracked |  0
| 352|0x0000000097c00000, 0x0000000097c00000, 0x0000000097d00000|  0%| F|  |TAMS 0x0000000097c00000| PB 0x0000000097c00000| Untracked |  0
| 353|0x0000000097d00000, 0x0000000097d00000, 0x0000000097e00000|  0%| F|  |TAMS 0x0000000097d00000| PB 0x0000000097d00000| Untracked |  0
| 354|0x0000000097e00000, 0x0000000097e00000, 0x0000000097f00000|  0%| F|  |TAMS 0x0000000097e00000| PB 0x0000000097e00000| Untracked |  0
| 355|0x0000000097f00000, 0x0000000097f00000, 0x0000000098000000|  0%| F|  |TAMS 0x0000000097f00000| PB 0x0000000097f00000| Untracked |  0
| 356|0x0000000098000000, 0x0000000098000000, 0x0000000098100000|  0%| F|  |TAMS 0x0000000098000000| PB 0x0000000098000000| Untracked |  0
| 357|0x0000000098100000, 0x0000000098100000, 0x0000000098200000|  0%| F|  |TAMS 0x0000000098100000| PB 0x0000000098100000| Untracked |  0
| 358|0x0000000098200000, 0x0000000098200000, 0x0000000098300000|  0%| F|  |TAMS 0x0000000098200000| PB 0x0000000098200000| Untracked |  0
| 359|0x0000000098300000, 0x0000000098300000, 0x0000000098400000|  0%| F|  |TAMS 0x0000000098300000| PB 0x0000000098300000| Untracked |  0
| 360|0x0000000098400000, 0x0000000098400000, 0x0000000098500000|  0%| F|  |TAMS 0x0000000098400000| PB 0x0000000098400000| Untracked |  0
| 361|0x0000000098500000, 0x0000000098500000, 0x0000000098600000|  0%| F|  |TAMS 0x0000000098500000| PB 0x0000000098500000| Untracked |  0
| 362|0x0000000098600000, 0x0000000098600000, 0x0000000098700000|  0%| F|  |TAMS 0x0000000098600000| PB 0x0000000098600000| Untracked |  0
| 363|0x0000000098700000, 0x0000000098700000, 0x0000000098800000|  0%| F|  |TAMS 0x0000000098700000| PB 0x0000000098700000| Untracked |  0
| 364|0x0000000098800000, 0x0000000098800000, 0x0000000098900000|  0%| F|  |TAMS 0x0000000098800000| PB 0x0000000098800000| Untracked |  0
| 365|0x0000000098900000, 0x0000000098900000, 0x0000000098a00000|  0%| F|  |TAMS 0x0000000098900000| PB 0x0000000098900000| Untracked |  0
| 366|0x0000000098a00000, 0x0000000098a00000, 0x0000000098b00000|  0%| F|  |TAMS 0x0000000098a00000| PB 0x0000000098a00000| Untracked |  0
| 367|0x0000000098b00000, 0x0000000098b00000, 0x0000000098c00000|  0%| F|  |TAMS 0x0000000098b00000| PB 0x0000000098b00000| Untracked |  0
| 368|0x0000000098c00000, 0x0000000098c00000, 0x0000000098d00000|  0%| F|  |TAMS 0x0000000098c00000| PB 0x0000000098c00000| Untracked |  0
| 369|0x0000000098d00000, 0x0000000098d00000, 0x0000000098e00000|  0%| F|  |TAMS 0x0000000098d00000| PB 0x0000000098d00000| Untracked |  0
| 370|0x0000000098e00000, 0x0000000098e00000, 0x0000000098f00000|  0%| F|  |TAMS 0x0000000098e00000| PB 0x0000000098e00000| Untracked |  0
| 371|0x0000000098f00000, 0x0000000098f00000, 0x0000000099000000|  0%| F|  |TAMS 0x0000000098f00000| PB 0x0000000098f00000| Untracked |  0
| 372|0x0000000099000000, 0x0000000099000000, 0x0000000099100000|  0%| F|  |TAMS 0x0000000099000000| PB 0x0000000099000000| Untracked |  0
| 373|0x0000000099100000, 0x0000000099100000, 0x0000000099200000|  0%| F|  |TAMS 0x0000000099100000| PB 0x0000000099100000| Untracked |  0
| 374|0x0000000099200000, 0x0000000099200000, 0x0000000099300000|  0%| F|  |TAMS 0x0000000099200000| PB 0x0000000099200000| Untracked |  0
| 375|0x0000000099300000, 0x0000000099300000, 0x0000000099400000|  0%| F|  |TAMS 0x0000000099300000| PB 0x0000000099300000| Untracked |  0
| 376|0x0000000099400000, 0x0000000099400000, 0x0000000099500000|  0%| F|  |TAMS 0x0000000099400000| PB 0x0000000099400000| Untracked |  0
| 377|0x0000000099500000, 0x0000000099500000, 0x0000000099600000|  0%| F|  |TAMS 0x0000000099500000| PB 0x0000000099500000| Untracked |  0
| 378|0x0000000099600000, 0x0000000099600000, 0x0000000099700000|  0%| F|  |TAMS 0x0000000099600000| PB 0x0000000099600000| Untracked |  0
| 379|0x0000000099700000, 0x0000000099700000, 0x0000000099800000|  0%| F|  |TAMS 0x0000000099700000| PB 0x0000000099700000| Untracked |  0
| 380|0x0000000099800000, 0x0000000099800000, 0x0000000099900000|  0%| F|  |TAMS 0x0000000099800000| PB 0x0000000099800000| Untracked |  0
| 381|0x0000000099900000, 0x0000000099900000, 0x0000000099a00000|  0%| F|  |TAMS 0x0000000099900000| PB 0x0000000099900000| Untracked |  0
| 382|0x0000000099a00000, 0x0000000099a00000, 0x0000000099b00000|  0%| F|  |TAMS 0x0000000099a00000| PB 0x0000000099a00000| Untracked |  0
| 383|0x0000000099b00000, 0x0000000099b00000, 0x0000000099c00000|  0%| F|  |TAMS 0x0000000099b00000| PB 0x0000000099b00000| Untracked |  0
| 384|0x0000000099c00000, 0x0000000099c00000, 0x0000000099d00000|  0%| F|  |TAMS 0x0000000099c00000| PB 0x0000000099c00000| Untracked |  0
| 385|0x0000000099d00000, 0x0000000099d00000, 0x0000000099e00000|  0%| F|  |TAMS 0x0000000099d00000| PB 0x0000000099d00000| Untracked |  0
| 386|0x0000000099e00000, 0x0000000099e00000, 0x0000000099f00000|  0%| F|  |TAMS 0x0000000099e00000| PB 0x0000000099e00000| Untracked |  0
| 387|0x0000000099f00000, 0x0000000099f00000, 0x000000009a000000|  0%| F|  |TAMS 0x0000000099f00000| PB 0x0000000099f00000| Untracked |  0
| 388|0x000000009a000000, 0x000000009a000000, 0x000000009a100000|  0%| F|  |TAMS 0x000000009a000000| PB 0x000000009a000000| Untracked |  0
| 389|0x000000009a100000, 0x000000009a100000, 0x000000009a200000|  0%| F|  |TAMS 0x000000009a100000| PB 0x000000009a100000| Untracked |  0
| 390|0x000000009a200000, 0x000000009a200000, 0x000000009a300000|  0%| F|  |TAMS 0x000000009a200000| PB 0x000000009a200000| Untracked |  0
| 391|0x000000009a300000, 0x000000009a300000, 0x000000009a400000|  0%| F|  |TAMS 0x000000009a300000| PB 0x000000009a300000| Untracked |  0
| 392|0x000000009a400000, 0x000000009a400000, 0x000000009a500000|  0%| F|  |TAMS 0x000000009a400000| PB 0x000000009a400000| Untracked |  0
| 393|0x000000009a500000, 0x000000009a500000, 0x000000009a600000|  0%| F|  |TAMS 0x000000009a500000| PB 0x000000009a500000| Untracked |  0
| 394|0x000000009a600000, 0x000000009a600000, 0x000000009a700000|  0%| F|  |TAMS 0x000000009a600000| PB 0x000000009a600000| Untracked |  0
| 395|0x000000009a700000, 0x000000009a700000, 0x000000009a800000|  0%| F|  |TAMS 0x000000009a700000| PB 0x000000009a700000| Untracked |  0
| 396|0x000000009a800000, 0x000000009a800000, 0x000000009a900000|  0%| F|  |TAMS 0x000000009a800000| PB 0x000000009a800000| Untracked |  0
| 397|0x000000009a900000, 0x000000009a900000, 0x000000009aa00000|  0%| F|  |TAMS 0x000000009a900000| PB 0x000000009a900000| Untracked |  0
| 398|0x000000009aa00000, 0x000000009aa00000, 0x000000009ab00000|  0%| F|  |TAMS 0x000000009aa00000| PB 0x000000009aa00000| Untracked |  0
| 399|0x000000009ab00000, 0x000000009ab00000, 0x000000009ac00000|  0%| F|  |TAMS 0x000000009ab00000| PB 0x000000009ab00000| Untracked |  0
| 400|0x000000009ac00000, 0x000000009ac00000, 0x000000009ad00000|  0%| F|  |TAMS 0x000000009ac00000| PB 0x000000009ac00000| Untracked |  0
| 401|0x000000009ad00000, 0x000000009ad00000, 0x000000009ae00000|  0%| F|  |TAMS 0x000000009ad00000| PB 0x000000009ad00000| Untracked |  0
| 402|0x000000009ae00000, 0x000000009ae00000, 0x000000009af00000|  0%| F|  |TAMS 0x000000009ae00000| PB 0x000000009ae00000| Untracked |  0
| 403|0x000000009af00000, 0x000000009af00000, 0x000000009b000000|  0%| F|  |TAMS 0x000000009af00000| PB 0x000000009af00000| Untracked |  0
| 404|0x000000009b000000, 0x000000009b000000, 0x000000009b100000|  0%| F|  |TAMS 0x000000009b000000| PB 0x000000009b000000| Untracked |  0
| 405|0x000000009b100000, 0x000000009b100000, 0x000000009b200000|  0%| F|  |TAMS 0x000000009b100000| PB 0x000000009b100000| Untracked |  0
| 406|0x000000009b200000, 0x000000009b200000, 0x000000009b300000|  0%| F|  |TAMS 0x000000009b200000| PB 0x000000009b200000| Untracked |  0
| 407|0x000000009b300000, 0x000000009b300000, 0x000000009b400000|  0%| F|  |TAMS 0x000000009b300000| PB 0x000000009b300000| Untracked |  0
| 408|0x000000009b400000, 0x000000009b400000, 0x000000009b500000|  0%| F|  |TAMS 0x000000009b400000| PB 0x000000009b400000| Untracked |  0
| 409|0x000000009b500000, 0x000000009b500000, 0x000000009b600000|  0%| F|  |TAMS 0x000000009b500000| PB 0x000000009b500000| Untracked |  0
| 410|0x000000009b600000, 0x000000009b600000, 0x000000009b700000|  0%| F|  |TAMS 0x000000009b600000| PB 0x000000009b600000| Untracked |  0
| 411|0x000000009b700000, 0x000000009b700000, 0x000000009b800000|  0%| F|  |TAMS 0x000000009b700000| PB 0x000000009b700000| Untracked |  0
| 412|0x000000009b800000, 0x000000009b800000, 0x000000009b900000|  0%| F|  |TAMS 0x000000009b800000| PB 0x000000009b800000| Untracked |  0
| 413|0x000000009b900000, 0x000000009b900000, 0x000000009ba00000|  0%| F|  |TAMS 0x000000009b900000| PB 0x000000009b900000| Untracked |  0
| 414|0x000000009ba00000, 0x000000009ba00000, 0x000000009bb00000|  0%| F|  |TAMS 0x000000009ba00000| PB 0x000000009ba00000| Untracked |  0
| 415|0x000000009bb00000, 0x000000009bb00000, 0x000000009bc00000|  0%| F|  |TAMS 0x000000009bb00000| PB 0x000000009bb00000| Untracked |  0
| 416|0x000000009bc00000, 0x000000009bc00000, 0x000000009bd00000|  0%| F|  |TAMS 0x000000009bc00000| PB 0x000000009bc00000| Untracked |  0
| 417|0x000000009bd00000, 0x000000009bd00000, 0x000000009be00000|  0%| F|  |TAMS 0x000000009bd00000| PB 0x000000009bd00000| Untracked |  0
| 418|0x000000009be00000, 0x000000009be00000, 0x000000009bf00000|  0%| F|  |TAMS 0x000000009be00000| PB 0x000000009be00000| Untracked |  0
| 419|0x000000009bf00000, 0x000000009bf00000, 0x000000009c000000|  0%| F|  |TAMS 0x000000009bf00000| PB 0x000000009bf00000| Untracked |  0
| 420|0x000000009c000000, 0x000000009c000000, 0x000000009c100000|  0%| F|  |TAMS 0x000000009c000000| PB 0x000000009c000000| Untracked |  0
| 421|0x000000009c100000, 0x000000009c100000, 0x000000009c200000|  0%| F|  |TAMS 0x000000009c100000| PB 0x000000009c100000| Untracked |  0
| 422|0x000000009c200000, 0x000000009c200000, 0x000000009c300000|  0%| F|  |TAMS 0x000000009c200000| PB 0x000000009c200000| Untracked |  0
| 423|0x000000009c300000, 0x000000009c300000, 0x000000009c400000|  0%| F|  |TAMS 0x000000009c300000| PB 0x000000009c300000| Untracked |  0
| 424|0x000000009c400000, 0x000000009c400000, 0x000000009c500000|  0%| F|  |TAMS 0x000000009c400000| PB 0x000000009c400000| Untracked |  0
| 425|0x000000009c500000, 0x000000009c500000, 0x000000009c600000|  0%| F|  |TAMS 0x000000009c500000| PB 0x000000009c500000| Untracked |  0
| 426|0x000000009c600000, 0x000000009c600000, 0x000000009c700000|  0%| F|  |TAMS 0x000000009c600000| PB 0x000000009c600000| Untracked |  0
| 427|0x000000009c700000, 0x000000009c700000, 0x000000009c800000|  0%| F|  |TAMS 0x000000009c700000| PB 0x000000009c700000| Untracked |  0
| 428|0x000000009c800000, 0x000000009c800000, 0x000000009c900000|  0%| F|  |TAMS 0x000000009c800000| PB 0x000000009c800000| Untracked |  0
| 429|0x000000009c900000, 0x000000009c900000, 0x000000009ca00000|  0%| F|  |TAMS 0x000000009c900000| PB 0x000000009c900000| Untracked |  0
| 430|0x000000009ca00000, 0x000000009ca00000, 0x000000009cb00000|  0%| F|  |TAMS 0x000000009ca00000| PB 0x000000009ca00000| Untracked |  0
| 431|0x000000009cb00000, 0x000000009cb00000, 0x000000009cc00000|  0%| F|  |TAMS 0x000000009cb00000| PB 0x000000009cb00000| Untracked |  0
| 432|0x000000009cc00000, 0x000000009cc00000, 0x000000009cd00000|  0%| F|  |TAMS 0x000000009cc00000| PB 0x000000009cc00000| Untracked |  0
| 433|0x000000009cd00000, 0x000000009cd00000, 0x000000009ce00000|  0%| F|  |TAMS 0x000000009cd00000| PB 0x000000009cd00000| Untracked |  0
| 434|0x000000009ce00000, 0x000000009ce00000, 0x000000009cf00000|  0%| F|  |TAMS 0x000000009ce00000| PB 0x000000009ce00000| Untracked |  0
| 435|0x000000009cf00000, 0x000000009cf00000, 0x000000009d000000|  0%| F|  |TAMS 0x000000009cf00000| PB 0x000000009cf00000| Untracked |  0
| 436|0x000000009d000000, 0x000000009d000000, 0x000000009d100000|  0%| F|  |TAMS 0x000000009d000000| PB 0x000000009d000000| Untracked |  0
| 437|0x000000009d100000, 0x000000009d100000, 0x000000009d200000|  0%| F|  |TAMS 0x000000009d100000| PB 0x000000009d100000| Untracked |  0
| 438|0x000000009d200000, 0x000000009d200000, 0x000000009d300000|  0%| F|  |TAMS 0x000000009d200000| PB 0x000000009d200000| Untracked |  0
| 439|0x000000009d300000, 0x000000009d300000, 0x000000009d400000|  0%| F|  |TAMS 0x000000009d300000| PB 0x000000009d300000| Untracked |  0
| 440|0x000000009d400000, 0x000000009d400000, 0x000000009d500000|  0%| F|  |TAMS 0x000000009d400000| PB 0x000000009d400000| Untracked |  0
| 441|0x000000009d500000, 0x000000009d500000, 0x000000009d600000|  0%| F|  |TAMS 0x000000009d500000| PB 0x000000009d500000| Untracked |  0
| 442|0x000000009d600000, 0x000000009d600000, 0x000000009d700000|  0%| F|  |TAMS 0x000000009d600000| PB 0x000000009d600000| Untracked |  0
| 443|0x000000009d700000, 0x000000009d700000, 0x000000009d800000|  0%| F|  |TAMS 0x000000009d700000| PB 0x000000009d700000| Untracked |  0
| 444|0x000000009d800000, 0x000000009d800000, 0x000000009d900000|  0%| F|  |TAMS 0x000000009d800000| PB 0x000000009d800000| Untracked |  0
| 445|0x000000009d900000, 0x000000009d900000, 0x000000009da00000|  0%| F|  |TAMS 0x000000009d900000| PB 0x000000009d900000| Untracked |  0
| 446|0x000000009da00000, 0x000000009da00000, 0x000000009db00000|  0%| F|  |TAMS 0x000000009da00000| PB 0x000000009da00000| Untracked |  0
| 447|0x000000009db00000, 0x000000009db00000, 0x000000009dc00000|  0%| F|  |TAMS 0x000000009db00000| PB 0x000000009db00000| Untracked |  0
| 448|0x000000009dc00000, 0x000000009dc00000, 0x000000009dd00000|  0%| F|  |TAMS 0x000000009dc00000| PB 0x000000009dc00000| Untracked |  0
| 449|0x000000009dd00000, 0x000000009dd00000, 0x000000009de00000|  0%| F|  |TAMS 0x000000009dd00000| PB 0x000000009dd00000| Untracked |  0
| 450|0x000000009de00000, 0x000000009de00000, 0x000000009df00000|  0%| F|  |TAMS 0x000000009de00000| PB 0x000000009de00000| Untracked |  0
| 451|0x000000009df00000, 0x000000009df00000, 0x000000009e000000|  0%| F|  |TAMS 0x000000009df00000| PB 0x000000009df00000| Untracked |  0
| 452|0x000000009e000000, 0x000000009e000000, 0x000000009e100000|  0%| F|  |TAMS 0x000000009e000000| PB 0x000000009e000000| Untracked |  0
| 453|0x000000009e100000, 0x000000009e100000, 0x000000009e200000|  0%| F|  |TAMS 0x000000009e100000| PB 0x000000009e100000| Untracked |  0
| 454|0x000000009e200000, 0x000000009e200000, 0x000000009e300000|  0%| F|  |TAMS 0x000000009e200000| PB 0x000000009e200000| Untracked |  0
| 455|0x000000009e300000, 0x000000009e300000, 0x000000009e400000|  0%| F|  |TAMS 0x000000009e300000| PB 0x000000009e300000| Untracked |  0
| 456|0x000000009e400000, 0x000000009e400000, 0x000000009e500000|  0%| F|  |TAMS 0x000000009e400000| PB 0x000000009e400000| Untracked |  0
| 457|0x000000009e500000, 0x000000009e500000, 0x000000009e600000|  0%| F|  |TAMS 0x000000009e500000| PB 0x000000009e500000| Untracked |  0
| 458|0x000000009e600000, 0x000000009e600000, 0x000000009e700000|  0%| F|  |TAMS 0x000000009e600000| PB 0x000000009e600000| Untracked |  0
| 459|0x000000009e700000, 0x000000009e700000, 0x000000009e800000|  0%| F|  |TAMS 0x000000009e700000| PB 0x000000009e700000| Untracked |  0
| 460|0x000000009e800000, 0x000000009e800000, 0x000000009e900000|  0%| F|  |TAMS 0x000000009e800000| PB 0x000000009e800000| Untracked |  0
| 461|0x000000009e900000, 0x000000009e900000, 0x000000009ea00000|  0%| F|  |TAMS 0x000000009e900000| PB 0x000000009e900000| Untracked |  0
| 462|0x000000009ea00000, 0x000000009eb00000, 0x000000009eb00000|100%| E|  |TAMS 0x000000009ea00000| PB 0x000000009ea00000| Complete |  0
| 463|0x000000009eb00000, 0x000000009ec00000, 0x000000009ec00000|100%| E|CS|TAMS 0x000000009eb00000| PB 0x000000009eb00000| Complete |  0
| 464|0x000000009ec00000, 0x000000009ed00000, 0x000000009ed00000|100%| E|CS|TAMS 0x000000009ec00000| PB 0x000000009ec00000| Complete |  0
| 465|0x000000009ed00000, 0x000000009ee00000, 0x000000009ee00000|100%| E|CS|TAMS 0x000000009ed00000| PB 0x000000009ed00000| Complete |  0
| 466|0x000000009ee00000, 0x000000009ef00000, 0x000000009ef00000|100%| E|CS|TAMS 0x000000009ee00000| PB 0x000000009ee00000| Complete |  0
| 467|0x000000009ef00000, 0x000000009f000000, 0x000000009f000000|100%| E|CS|TAMS 0x000000009ef00000| PB 0x000000009ef00000| Complete |  0
| 468|0x000000009f000000, 0x000000009f100000, 0x000000009f100000|100%| E|  |TAMS 0x000000009f000000| PB 0x000000009f000000| Complete |  0
| 469|0x000000009f100000, 0x000000009f100000, 0x000000009f200000|  0%| F|  |TAMS 0x000000009f100000| PB 0x000000009f100000| Untracked |  0
| 470|0x000000009f200000, 0x000000009f200000, 0x000000009f300000|  0%| F|  |TAMS 0x000000009f200000| PB 0x000000009f200000| Untracked |  0
| 471|0x000000009f300000, 0x000000009f300000, 0x000000009f400000|  0%| F|  |TAMS 0x000000009f300000| PB 0x000000009f300000| Untracked |  0
| 472|0x000000009f400000, 0x000000009f400000, 0x000000009f500000|  0%| F|  |TAMS 0x000000009f400000| PB 0x000000009f400000| Untracked |  0
| 473|0x000000009f500000, 0x000000009f500000, 0x000000009f600000|  0%| F|  |TAMS 0x000000009f500000| PB 0x000000009f500000| Untracked |  0
| 474|0x000000009f600000, 0x000000009f600000, 0x000000009f700000|  0%| F|  |TAMS 0x000000009f600000| PB 0x000000009f600000| Untracked |  0
| 475|0x000000009f700000, 0x000000009f700000, 0x000000009f800000|  0%| F|  |TAMS 0x000000009f700000| PB 0x000000009f700000| Untracked |  0
| 476|0x000000009f800000, 0x000000009f800000, 0x000000009f900000|  0%| F|  |TAMS 0x000000009f800000| PB 0x000000009f800000| Untracked |  0
| 477|0x000000009f900000, 0x000000009f900000, 0x000000009fa00000|  0%| F|  |TAMS 0x000000009f900000| PB 0x000000009f900000| Untracked |  0
| 478|0x000000009fa00000, 0x000000009fa00000, 0x000000009fb00000|  0%| F|  |TAMS 0x000000009fa00000| PB 0x000000009fa00000| Untracked |  0
| 479|0x000000009fb00000, 0x000000009fb00000, 0x000000009fc00000|  0%| F|  |TAMS 0x000000009fb00000| PB 0x000000009fb00000| Untracked |  0
| 480|0x000000009fc00000, 0x000000009fc00000, 0x000000009fd00000|  0%| F|  |TAMS 0x000000009fc00000| PB 0x000000009fc00000| Untracked |  0
| 481|0x000000009fd00000, 0x000000009fd00000, 0x000000009fe00000|  0%| F|  |TAMS 0x000000009fd00000| PB 0x000000009fd00000| Untracked |  0
| 482|0x000000009fe00000, 0x000000009fe00000, 0x000000009ff00000|  0%| F|  |TAMS 0x000000009fe00000| PB 0x000000009fe00000| Untracked |  0
| 483|0x000000009ff00000, 0x000000009ff00000, 0x00000000a0000000|  0%| F|  |TAMS 0x000000009ff00000| PB 0x000000009ff00000| Untracked |  0
| 484|0x00000000a0000000, 0x00000000a0000000, 0x00000000a0100000|  0%| F|  |TAMS 0x00000000a0000000| PB 0x00000000a0000000| Untracked |  0
| 485|0x00000000a0100000, 0x00000000a0100000, 0x00000000a0200000|  0%| F|  |TAMS 0x00000000a0100000| PB 0x00000000a0100000| Untracked |  0
| 486|0x00000000a0200000, 0x00000000a0200000, 0x00000000a0300000|  0%| F|  |TAMS 0x00000000a0200000| PB 0x00000000a0200000| Untracked |  0
| 487|0x00000000a0300000, 0x00000000a0300000, 0x00000000a0400000|  0%| F|  |TAMS 0x00000000a0300000| PB 0x00000000a0300000| Untracked |  0
| 488|0x00000000a0400000, 0x00000000a0400000, 0x00000000a0500000|  0%| F|  |TAMS 0x00000000a0400000| PB 0x00000000a0400000| Untracked |  0
| 489|0x00000000a0500000, 0x00000000a0500000, 0x00000000a0600000|  0%| F|  |TAMS 0x00000000a0500000| PB 0x00000000a0500000| Untracked |  0
| 490|0x00000000a0600000, 0x00000000a0600000, 0x00000000a0700000|  0%| F|  |TAMS 0x00000000a0600000| PB 0x00000000a0600000| Untracked |  0
| 491|0x00000000a0700000, 0x00000000a0700000, 0x00000000a0800000|  0%| F|  |TAMS 0x00000000a0700000| PB 0x00000000a0700000| Untracked |  0
| 492|0x00000000a0800000, 0x00000000a0800000, 0x00000000a0900000|  0%| F|  |TAMS 0x00000000a0800000| PB 0x00000000a0800000| Untracked |  0
| 493|0x00000000a0900000, 0x00000000a0900000, 0x00000000a0a00000|  0%| F|  |TAMS 0x00000000a0900000| PB 0x00000000a0900000| Untracked |  0
| 494|0x00000000a0a00000, 0x00000000a0a00000, 0x00000000a0b00000|  0%| F|  |TAMS 0x00000000a0a00000| PB 0x00000000a0a00000| Untracked |  0
| 495|0x00000000a0b00000, 0x00000000a0b00000, 0x00000000a0c00000|  0%| F|  |TAMS 0x00000000a0b00000| PB 0x00000000a0b00000| Untracked |  0
| 496|0x00000000a0c00000, 0x00000000a0c00000, 0x00000000a0d00000|  0%| F|  |TAMS 0x00000000a0c00000| PB 0x00000000a0c00000| Untracked |  0
| 497|0x00000000a0d00000, 0x00000000a0d00000, 0x00000000a0e00000|  0%| F|  |TAMS 0x00000000a0d00000| PB 0x00000000a0d00000| Untracked |  0
| 498|0x00000000a0e00000, 0x00000000a0e00000, 0x00000000a0f00000|  0%| F|  |TAMS 0x00000000a0e00000| PB 0x00000000a0e00000| Untracked |  0
| 499|0x00000000a0f00000, 0x00000000a0f00000, 0x00000000a1000000|  0%| F|  |TAMS 0x00000000a0f00000| PB 0x00000000a0f00000| Untracked |  0
| 500|0x00000000a1000000, 0x00000000a1000000, 0x00000000a1100000|  0%| F|  |TAMS 0x00000000a1000000| PB 0x00000000a1000000| Untracked |  0
| 501|0x00000000a1100000, 0x00000000a1100000, 0x00000000a1200000|  0%| F|  |TAMS 0x00000000a1100000| PB 0x00000000a1100000| Untracked |  0
| 502|0x00000000a1200000, 0x00000000a1200000, 0x00000000a1300000|  0%| F|  |TAMS 0x00000000a1200000| PB 0x00000000a1200000| Untracked |  0
| 503|0x00000000a1300000, 0x00000000a1300000, 0x00000000a1400000|  0%| F|  |TAMS 0x00000000a1300000| PB 0x00000000a1300000| Untracked |  0
| 504|0x00000000a1400000, 0x00000000a1400000, 0x00000000a1500000|  0%| F|  |TAMS 0x00000000a1400000| PB 0x00000000a1400000| Untracked |  0
| 505|0x00000000a1500000, 0x00000000a1500000, 0x00000000a1600000|  0%| F|  |TAMS 0x00000000a1500000| PB 0x00000000a1500000| Untracked |  0
| 506|0x00000000a1600000, 0x00000000a1600000, 0x00000000a1700000|  0%| F|  |TAMS 0x00000000a1600000| PB 0x00000000a1600000| Untracked |  0
| 507|0x00000000a1700000, 0x00000000a1700000, 0x00000000a1800000|  0%| F|  |TAMS 0x00000000a1700000| PB 0x00000000a1700000| Untracked |  0
| 508|0x00000000a1800000, 0x00000000a1800000, 0x00000000a1900000|  0%| F|  |TAMS 0x00000000a1800000| PB 0x00000000a1800000| Untracked |  0
| 509|0x00000000a1900000, 0x00000000a1900000, 0x00000000a1a00000|  0%| F|  |TAMS 0x00000000a1900000| PB 0x00000000a1900000| Untracked |  0
| 510|0x00000000a1a00000, 0x00000000a1a00000, 0x00000000a1b00000|  0%| F|  |TAMS 0x00000000a1a00000| PB 0x00000000a1a00000| Untracked |  0
| 511|0x00000000a1b00000, 0x00000000a1b00000, 0x00000000a1c00000|  0%| F|  |TAMS 0x00000000a1b00000| PB 0x00000000a1b00000| Untracked |  0
| 512|0x00000000a1c00000, 0x00000000a1c00000, 0x00000000a1d00000|  0%| F|  |TAMS 0x00000000a1c00000| PB 0x00000000a1c00000| Untracked |  0
| 513|0x00000000a1d00000, 0x00000000a1d00000, 0x00000000a1e00000|  0%| F|  |TAMS 0x00000000a1d00000| PB 0x00000000a1d00000| Untracked |  0
| 514|0x00000000a1e00000, 0x00000000a1e00000, 0x00000000a1f00000|  0%| F|  |TAMS 0x00000000a1e00000| PB 0x00000000a1e00000| Untracked |  0
| 515|0x00000000a1f00000, 0x00000000a1f00000, 0x00000000a2000000|  0%| F|  |TAMS 0x00000000a1f00000| PB 0x00000000a1f00000| Untracked |  0
| 516|0x00000000a2000000, 0x00000000a2000000, 0x00000000a2100000|  0%| F|  |TAMS 0x00000000a2000000| PB 0x00000000a2000000| Untracked |  0
| 517|0x00000000a2100000, 0x00000000a2100000, 0x00000000a2200000|  0%| F|  |TAMS 0x00000000a2100000| PB 0x00000000a2100000| Untracked |  0
| 518|0x00000000a2200000, 0x00000000a2200000, 0x00000000a2300000|  0%| F|  |TAMS 0x00000000a2200000| PB 0x00000000a2200000| Untracked |  0
| 519|0x00000000a2300000, 0x00000000a2300000, 0x00000000a2400000|  0%| F|  |TAMS 0x00000000a2300000| PB 0x00000000a2300000| Untracked |  0
| 520|0x00000000a2400000, 0x00000000a2400000, 0x00000000a2500000|  0%| F|  |TAMS 0x00000000a2400000| PB 0x00000000a2400000| Untracked |  0
| 521|0x00000000a2500000, 0x00000000a2500000, 0x00000000a2600000|  0%| F|  |TAMS 0x00000000a2500000| PB 0x00000000a2500000| Untracked |  0
| 522|0x00000000a2600000, 0x00000000a2600000, 0x00000000a2700000|  0%| F|  |TAMS 0x00000000a2600000| PB 0x00000000a2600000| Untracked |  0
| 523|0x00000000a2700000, 0x00000000a2700000, 0x00000000a2800000|  0%| F|  |TAMS 0x00000000a2700000| PB 0x00000000a2700000| Untracked |  0
| 524|0x00000000a2800000, 0x00000000a2800000, 0x00000000a2900000|  0%| F|  |TAMS 0x00000000a2800000| PB 0x00000000a2800000| Untracked |  0
| 525|0x00000000a2900000, 0x00000000a2900000, 0x00000000a2a00000|  0%| F|  |TAMS 0x00000000a2900000| PB 0x00000000a2900000| Untracked |  0
| 526|0x00000000a2a00000, 0x00000000a2a00000, 0x00000000a2b00000|  0%| F|  |TAMS 0x00000000a2a00000| PB 0x00000000a2a00000| Untracked |  0
| 527|0x00000000a2b00000, 0x00000000a2b00000, 0x00000000a2c00000|  0%| F|  |TAMS 0x00000000a2b00000| PB 0x00000000a2b00000| Untracked |  0
| 528|0x00000000a2c00000, 0x00000000a2c00000, 0x00000000a2d00000|  0%| F|  |TAMS 0x00000000a2c00000| PB 0x00000000a2c00000| Untracked |  0
| 529|0x00000000a2d00000, 0x00000000a2d00000, 0x00000000a2e00000|  0%| F|  |TAMS 0x00000000a2d00000| PB 0x00000000a2d00000| Untracked |  0
| 530|0x00000000a2e00000, 0x00000000a2e00000, 0x00000000a2f00000|  0%| F|  |TAMS 0x00000000a2e00000| PB 0x00000000a2e00000| Untracked |  0
| 531|0x00000000a2f00000, 0x00000000a2f00000, 0x00000000a3000000|  0%| F|  |TAMS 0x00000000a2f00000| PB 0x00000000a2f00000| Untracked |  0
| 532|0x00000000a3000000, 0x00000000a3000000, 0x00000000a3100000|  0%| F|  |TAMS 0x00000000a3000000| PB 0x00000000a3000000| Untracked |  0
| 533|0x00000000a3100000, 0x00000000a3100000, 0x00000000a3200000|  0%| F|  |TAMS 0x00000000a3100000| PB 0x00000000a3100000| Untracked |  0
| 534|0x00000000a3200000, 0x00000000a3200000, 0x00000000a3300000|  0%| F|  |TAMS 0x00000000a3200000| PB 0x00000000a3200000| Untracked |  0
| 535|0x00000000a3300000, 0x00000000a3300000, 0x00000000a3400000|  0%| F|  |TAMS 0x00000000a3300000| PB 0x00000000a3300000| Untracked |  0
| 536|0x00000000a3400000, 0x00000000a3400000, 0x00000000a3500000|  0%| F|  |TAMS 0x00000000a3400000| PB 0x00000000a3400000| Untracked |  0
| 537|0x00000000a3500000, 0x00000000a3500000, 0x00000000a3600000|  0%| F|  |TAMS 0x00000000a3500000| PB 0x00000000a3500000| Untracked |  0
| 538|0x00000000a3600000, 0x00000000a3600000, 0x00000000a3700000|  0%| F|  |TAMS 0x00000000a3600000| PB 0x00000000a3600000| Untracked |  0
|2017|0x00000000ffd00000, 0x00000000ffe00000, 0x00000000ffe00000|100%| O|  |TAMS 0x00000000ffd00000| PB 0x00000000ffd00000| Untracked |  0
|2018|0x00000000ffe00000, 0x00000000fff00000, 0x00000000fff00000|100%| O|  |TAMS 0x00000000ffe00000| PB 0x00000000ffe00000| Untracked |  0
|2019|0x00000000fff00000, 0x0000000100000000, 0x0000000100000000|100%| E|CS|TAMS 0x00000000fff00000| PB 0x00000000fff00000| Complete |  0

Card table byte_map: [0x00000234e4f80000,0x00000234e5380000] _byte_map_base: 0x00000234e4b72000

Marking Bits: (CMBitMap*) 0x00000234cd0d7080
 Bits: [0x00000234e5380000, 0x00000234e7310000)

Polling page: 0x00000234cae30000

Metaspace:
Metaspace        used 21097K, committed 21248K, reserved 1114112K
 class space     used 2351K, committed 2432K, reserved 1048576K

Usage:
  Non-class:     18.31 MB used.
      Class:      2.30 MB used.
       Both:     20.60 MB used.

Virtual space:
  Non-class space:       64.00 MB reserved,      18.38 MB ( 29%) committed,  1 nodes.
      Class space:        1.00 GB reserved,       2.38 MB ( <1%) committed,  1 nodes.
             Both:        1.06 GB reserved,      20.75 MB (  2%) committed. 

Chunk freelists:
   Non-Class:  12.94 MB
       Class:  13.64 MB
        Both:  26.58 MB

MaxMetaspaceSize: unlimited
CompressedClassSpaceSize: 1.00 GB
Initial GC threshold: 21.00 MB
Current GC threshold: 34.50 MB
CDS: on
 - commit_granule_bytes: 65536.
 - commit_granule_words: 8192.
 - virtual_space_node_default_size: 8388608.
 - enlarge_chunks_in_place: 1.
UseCompressedClassPointers 1, UseCompactObjectHeaders 0
Narrow klass pointer bits 32, Max shift 3
Narrow klass base: 0x0000000017000000, Narrow klass shift: 0
Encoding Range: [0x0000000017000000 - 0x0000000117000000), (4294967296 bytes)
Klass Range:    [0x0000000017010000 - 0x0000000058000000), (1090453504 bytes)
Klass ID Range:  [65536 - 1090519033) (1090453497)
Protection zone: [0x0000000017000000 - 0x0000000017010000), (65536 bytes)


Internal statistics:

num_allocs_failed_limit: 0.
num_arena_births: 166.
num_arena_deaths: 0.
num_vsnodes_births: 2.
num_vsnodes_deaths: 0.
num_space_committed: 332.
num_space_uncommitted: 0.
num_chunks_returned_to_freelist: 0.
num_chunks_taken_from_freelist: 367.
num_chunk_merges: 0.
num_chunk_splits: 226.
num_chunks_enlarged: 138.
num_inconsistent_stats: 0.

CodeHeap 'non-profiled nmethods': size=120064Kb used=1374Kb max_used=1380Kb free=118689Kb
 bounds [0x00000234dd640000, 0x00000234dd8b0000, 0x00000234e4b80000]
CodeHeap 'profiled nmethods': size=120000Kb used=6284Kb max_used=6356Kb free=113715Kb
 bounds [0x00000234d5b80000, 0x00000234d61c0000, 0x00000234dd0b0000]
CodeHeap 'non-nmethods': size=5696Kb used=1700Kb max_used=1758Kb free=3995Kb
 bounds [0x00000234dd0b0000, 0x00000234dd320000, 0x00000234dd640000]
CodeCache: size=245760Kb, used=9358Kb, max_used=9494Kb, free=236399Kb
 total_blobs=4876, nmethods=4046, adapters=733, full_count=0
Compilation: enabled, stopped_count=0, restarted_count=0

Compilation events (20 events):
Event: 122.489 Thread 0x00000234e97cf640 4114       3       java.util.Calendar::setTimeInMillis (84 bytes)
Event: 122.489 Thread 0x00000234e97cf640 nmethod 4114 0x00000234d61b4c88 code [0x00000234d61b4d80, 0x00000234d61b51f8]
Event: 122.830 Thread 0x00000234e97cf640 4115   !   3       jdk.internal.reflect.DirectMethodHandleAccessor::invoke (92 bytes)
Event: 122.833 Thread 0x00000234e97cf640 nmethod 4115 0x00000234d5b90d08 code [0x00000234d5b90e00, 0x00000234d5b92c00]
Event: 122.833 Thread 0x00000234e97cf640 4116       3       jdk.internal.reflect.DirectMethodHandleAccessor::isStatic (20 bytes)
Event: 122.833 Thread 0x00000234e97cf640 nmethod 4116 0x00000234d5b98008 code [0x00000234d5b98100, 0x00000234d5b98260]
Event: 122.833 Thread 0x00000234e97cf640 4117       3       jdk.internal.reflect.DirectMethodHandleAccessor::checkArgumentCount (53 bytes)
Event: 122.834 Thread 0x00000234e97cf640 nmethod 4117 0x00000234d5bb2b88 code [0x00000234d5bb2c80, 0x00000234d5bb3710]
Event: 122.834 Thread 0x00000234e97cf640 4118       3       jdk.internal.reflect.DirectMethodHandleAccessor::invokeImpl (108 bytes)
Event: 122.835 Thread 0x00000234e97cf640 nmethod 4118 0x00000234d5b95c08 code [0x00000234d5b95d00, 0x00000234d5b97288]
Event: 122.838 Thread 0x00000234e97cf640 4119       3       sun.net.www.MessageHeader::grow (92 bytes)
Event: 122.839 Thread 0x00000234e97cf640 nmethod 4119 0x00000234d5b84e88 code [0x00000234d5b84f80, 0x00000234d5b854c8]
Event: 122.839 Thread 0x00000234e97cf640 4120   !   3       java.text.SimpleDateFormat::zeroPaddingNumber (368 bytes)
Event: 122.841 Thread 0x00000234e97cf640 nmethod 4120 0x00000234d61b5208 code [0x00000234d61b5300, 0x00000234d61b77c0]
Event: 122.957 Thread 0x00000234e97a17f0 4121       4       java.io.WinNTFileSystem::isSlash (18 bytes)
Event: 122.957 Thread 0x00000234e97a17f0 nmethod 4121 0x00000234dd640408 code [0x00000234dd640500, 0x00000234dd640588]
Event: 122.974 Thread 0x00000234e97cf640 4122       3       java.util.Calendar::aggregateStamp (16 bytes)
Event: 122.974 Thread 0x00000234e97cf640 nmethod 4122 0x00000234d5b89108 code [0x00000234d5b89200, 0x00000234d5b89408]
Event: 122.974 Thread 0x00000234e97cf640 4123       1       java.util.Calendar::isLenient (5 bytes)
Event: 122.974 Thread 0x00000234e97cf640 nmethod 4123 0x00000234dd651508 code [0x00000234dd651600, 0x00000234dd6516c8]

GC Heap Usage History (20 events):
Event: 3.029 {heap Before GC invocations=3 (full 0):
 garbage-first heap   total reserved 2068480K, committed 133120K, used 61887K [0x0000000081c00000, 0x0000000100000000)
  region size 1024K, 5 young (5120K), 3 survivors (3072K)
}
Event: 3.034 {heap After GC invocations=4 (full 0):
 garbage-first heap   total reserved 2068480K, committed 133120K, used 58715K [0x0000000081c00000, 0x0000000100000000)
  region size 1024K, 3 young (3072K), 3 survivors (3072K)
}
Event: 3.051 {heap Before GC invocations=4 (full 0):
 garbage-first heap   total reserved 2068480K, committed 133120K, used 62811K [0x0000000081c00000, 0x0000000100000000)
  region size 1024K, 5 young (5120K), 3 survivors (3072K)
}
Event: 3.055 {heap After GC invocations=5 (full 0):
 garbage-first heap   total reserved 2068480K, committed 133120K, used 21852K [0x0000000081c00000, 0x0000000100000000)
  region size 1024K, 3 young (3072K), 3 survivors (3072K)
}
Event: 24.082 {heap Before GC invocations=5 (full 0):
 garbage-first heap   total reserved 2068480K, committed 133120K, used 104796K [0x0000000081c00000, 0x0000000100000000)
  region size 1024K, 52 young (53248K), 3 survivors (3072K)
}
Event: 24.094 {heap After GC invocations=6 (full 0):
 garbage-first heap   total reserved 2068480K, committed 133120K, used 57691K [0x0000000081c00000, 0x0000000100000000)
  region size 1024K, 7 young (7168K), 7 survivors (7168K)
}
Event: 24.716 {heap Before GC invocations=6 (full 0):
 garbage-first heap   total reserved 2068480K, committed 133120K, used 72027K [0x0000000081c00000, 0x0000000100000000)
  region size 1024K, 15 young (15360K), 7 survivors (7168K)
}
Event: 24.725 {heap After GC invocations=7 (full 0):
 garbage-first heap   total reserved 2068480K, committed 133120K, used 51444K [0x0000000081c00000, 0x0000000100000000)
  region size 1024K, 4 young (4096K), 4 survivors (4096K)
}
Event: 27.841 {heap Before GC invocations=7 (full 0):
 garbage-first heap   total reserved 2068480K, committed 133120K, used 60660K [0x0000000081c00000, 0x0000000100000000)
  region size 1024K, 6 young (6144K), 4 survivors (4096K)
}
Event: 27.848 {heap After GC invocations=8 (full 0):
 garbage-first heap   total reserved 2068480K, committed 266240K, used 59636K [0x0000000081c00000, 0x0000000100000000)
  region size 1024K, 4 young (4096K), 4 survivors (4096K)
}
Event: 112.096 {heap Before GC invocations=8 (full 0):
 garbage-first heap   total reserved 2068480K, committed 266240K, used 188660K [0x0000000081c00000, 0x0000000100000000)
  region size 1024K, 77 young (78848K), 4 survivors (4096K)
}
Event: 112.105 {heap After GC invocations=9 (full 0):
 garbage-first heap   total reserved 2068480K, committed 266240K, used 118520K [0x0000000081c00000, 0x0000000100000000)
  region size 1024K, 10 young (10240K), 10 survivors (10240K)
}
Event: 112.196 {heap Before GC invocations=9 (full 0):
 garbage-first heap   total reserved 2068480K, committed 266240K, used 135928K [0x0000000081c00000, 0x0000000100000000)
  region size 1024K, 20 young (20480K), 10 survivors (10240K)
}
Event: 112.203 {heap After GC invocations=10 (full 0):
 garbage-first heap   total reserved 2068480K, committed 266240K, used 125929K [0x0000000081c00000, 0x0000000100000000)
  region size 1024K, 5 young (5120K), 5 survivors (5120K)
}
Event: 113.275 {heap Before GC invocations=11 (full 0):
 garbage-first heap   total reserved 2068480K, committed 305152K, used 303081K [0x0000000081c00000, 0x0000000100000000)
  region size 1024K, 89 young (91136K), 5 survivors (5120K)
}
Event: 113.279 {heap After GC invocations=12 (full 0):
 garbage-first heap   total reserved 2068480K, committed 311296K, used 219072K [0x0000000081c00000, 0x0000000100000000)
  region size 1024K, 6 young (6144K), 6 survivors (6144K)
}
Event: 122.360 {heap Before GC invocations=12 (full 0):
 garbage-first heap   total reserved 2068480K, committed 351232K, used 349120K [0x0000000081c00000, 0x0000000100000000)
  region size 1024K, 67 young (68608K), 6 survivors (6144K)
}
Event: 122.364 {heap After GC invocations=13 (full 0):
 garbage-first heap   total reserved 2068480K, committed 357376K, used 285322K [0x0000000081c00000, 0x0000000100000000)
  region size 1024K, 5 young (5120K), 5 survivors (5120K)
}
Event: 122.508 {heap Before GC invocations=13 (full 0):
 garbage-first heap   total reserved 2068480K, committed 357376K, used 315018K [0x0000000081c00000, 0x0000000100000000)
  region size 1024K, 36 young (36864K), 5 survivors (5120K)
}
Event: 122.511 {heap After GC invocations=14 (full 0):
 garbage-first heap   total reserved 2068480K, committed 357376K, used 286003K [0x0000000081c00000, 0x0000000100000000)
  region size 1024K, 1 young (1024K), 1 survivors (1024K)
}

Metaspace Usage History (20 events):
Event: 3.029 {metaspace Before GC invocations=3 (full 0):
 Metaspace       used 7329K, committed 7488K, reserved 1114112K
  class space    used 735K, committed 832K, reserved 1048576K
}
Event: 3.034 {metaspace After GC invocations=4 (full 0):
 Metaspace       used 7329K, committed 7488K, reserved 1114112K
  class space    used 735K, committed 832K, reserved 1048576K
}
Event: 3.051 {metaspace Before GC invocations=4 (full 0):
 Metaspace       used 7340K, committed 7488K, reserved 1114112K
  class space    used 735K, committed 832K, reserved 1048576K
}
Event: 3.055 {metaspace After GC invocations=5 (full 0):
 Metaspace       used 7340K, committed 7488K, reserved 1114112K
  class space    used 735K, committed 832K, reserved 1048576K
}
Event: 24.083 {metaspace Before GC invocations=5 (full 0):
 Metaspace       used 18226K, committed 18432K, reserved 1114112K
  class space    used 2008K, committed 2112K, reserved 1048576K
}
Event: 24.094 {metaspace After GC invocations=6 (full 0):
 Metaspace       used 18226K, committed 18432K, reserved 1114112K
  class space    used 2008K, committed 2112K, reserved 1048576K
}
Event: 24.716 {metaspace Before GC invocations=6 (full 0):
 Metaspace       used 18264K, committed 18496K, reserved 1114112K
  class space    used 2011K, committed 2112K, reserved 1048576K
}
Event: 24.725 {metaspace After GC invocations=7 (full 0):
 Metaspace       used 18264K, committed 18496K, reserved 1114112K
  class space    used 2011K, committed 2112K, reserved 1048576K
}
Event: 27.841 {metaspace Before GC invocations=7 (full 0):
 Metaspace       used 19307K, committed 19456K, reserved 1114112K
  class space    used 2177K, committed 2240K, reserved 1048576K
}
Event: 27.849 {metaspace After GC invocations=8 (full 0):
 Metaspace       used 19307K, committed 19456K, reserved 1114112K
  class space    used 2177K, committed 2240K, reserved 1048576K
}
Event: 112.096 {metaspace Before GC invocations=8 (full 0):
 Metaspace       used 20947K, committed 21184K, reserved 1114112K
  class space    used 2336K, committed 2432K, reserved 1048576K
}
Event: 112.105 {metaspace After GC invocations=9 (full 0):
 Metaspace       used 20947K, committed 21184K, reserved 1114112K
  class space    used 2336K, committed 2432K, reserved 1048576K
}
Event: 112.196 {metaspace Before GC invocations=9 (full 0):
 Metaspace       used 20951K, committed 21184K, reserved 1114112K
  class space    used 2336K, committed 2432K, reserved 1048576K
}
Event: 112.203 {metaspace After GC invocations=10 (full 0):
 Metaspace       used 20951K, committed 21184K, reserved 1114112K
  class space    used 2336K, committed 2432K, reserved 1048576K
}
Event: 113.275 {metaspace Before GC invocations=11 (full 0):
 Metaspace       used 20951K, committed 21184K, reserved 1114112K
  class space    used 2336K, committed 2432K, reserved 1048576K
}
Event: 113.279 {metaspace After GC invocations=12 (full 0):
 Metaspace       used 20951K, committed 21184K, reserved 1114112K
  class space    used 2336K, committed 2432K, reserved 1048576K
}
Event: 122.360 {metaspace Before GC invocations=12 (full 0):
 Metaspace       used 21087K, committed 21248K, reserved 1114112K
  class space    used 2351K, committed 2432K, reserved 1048576K
}
Event: 122.364 {metaspace After GC invocations=13 (full 0):
 Metaspace       used 21087K, committed 21248K, reserved 1114112K
  class space    used 2351K, committed 2432K, reserved 1048576K
}
Event: 122.508 {metaspace Before GC invocations=13 (full 0):
 Metaspace       used 21089K, committed 21248K, reserved 1114112K
  class space    used 2351K, committed 2432K, reserved 1048576K
}
Event: 122.511 {metaspace After GC invocations=14 (full 0):
 Metaspace       used 21089K, committed 21248K, reserved 1114112K
  class space    used 2351K, committed 2432K, reserved 1048576K
}

Dll operation events (11 events):
Event: 0.016 Loaded shared library C:\Program Files\Apache NetBeans\jdk\bin\java.dll
Event: 0.109 Loaded shared library C:\Program Files\Apache NetBeans\jdk\bin\net.dll
Event: 0.113 Loaded shared library C:\Program Files\Apache NetBeans\jdk\bin\nio.dll
Event: 0.153 Loaded shared library C:\Program Files\Apache NetBeans\jdk\bin\zip.dll
Event: 0.186 Loaded shared library C:\Program Files\Apache NetBeans\jdk\bin\jimage.dll
Event: 0.201 Loaded shared library C:\Program Files\Apache NetBeans\jdk\bin\awt.dll
Event: 0.611 Loaded shared library C:\Program Files\Apache NetBeans\jdk\bin\javajpeg.dll
Event: 0.787 Loaded shared library C:\Program Files\Apache NetBeans\jdk\bin\freetype.dll
Event: 0.789 Loaded shared library C:\Program Files\Apache NetBeans\jdk\bin\fontmanager.dll
Event: 17.744 Loaded shared library C:\Program Files\Apache NetBeans\jdk\bin\extnet.dll
Event: 18.080 Loaded shared library C:\Program Files\Apache NetBeans\jdk\bin\sunmscapi.dll

Deoptimization events (20 events):
Event: 112.108 Thread 0x00000234e98d7260 DEOPT PACKING pc=0x00000234dd744b50 sp=0x00000042bd7fede0
Event: 112.108 Thread 0x00000234e98d7260 DEOPT UNPACKING pc=0x00000234dd1cc482 sp=0x00000042bd7fed10 mode 2
Event: 115.232 Thread 0x00000234eee440b0 Uncommon trap: trap_request=0xffffffde fr.pc=0x00000234dd734d34 relative=0x0000000000005db4
Event: 115.232 Thread 0x00000234eee440b0 Uncommon trap: reason=class_check action=maybe_recompile pc=0x00000234dd734d34 method=java.awt.EventQueue.coalesceEvent(Ljava/awt/AWTEvent;I)Z @ 61 c2
Event: 115.232 Thread 0x00000234eee440b0 DEOPT PACKING pc=0x00000234dd734d34 sp=0x00000042bd8ff2e0
Event: 115.232 Thread 0x00000234eee440b0 DEOPT UNPACKING pc=0x00000234dd1cc482 sp=0x00000042bd8ff140 mode 2
Event: 115.232 Thread 0x00000234eee440b0 Uncommon trap: trap_request=0xffffffde fr.pc=0x00000234dd734d34 relative=0x0000000000005db4
Event: 115.232 Thread 0x00000234eee440b0 Uncommon trap: reason=class_check action=maybe_recompile pc=0x00000234dd734d34 method=java.awt.EventQueue.coalesceEvent(Ljava/awt/AWTEvent;I)Z @ 61 c2
Event: 115.232 Thread 0x00000234eee440b0 DEOPT PACKING pc=0x00000234dd734d34 sp=0x00000042bd8ff2e0
Event: 115.232 Thread 0x00000234eee440b0 DEOPT UNPACKING pc=0x00000234dd1cc482 sp=0x00000042bd8ff140 mode 2
Event: 116.024 Thread 0x00000234eee440b0 Uncommon trap: trap_request=0xffffff45 fr.pc=0x00000234dd773f50 relative=0x00000000000000d0
Event: 116.024 Thread 0x00000234eee440b0 Uncommon trap: reason=unstable_if action=reinterpret pc=0x00000234dd773f50 method=javax.swing.SwingUtilities.computeIntersection(IIIILjava/awt/Rectangle;)Ljava/awt/Rectangle; @ 34 c2
Event: 116.024 Thread 0x00000234eee440b0 DEOPT PACKING pc=0x00000234dd773f50 sp=0x00000042bd8fef90
Event: 116.024 Thread 0x00000234eee440b0 DEOPT UNPACKING pc=0x00000234dd1cc482 sp=0x00000042bd8feef0 mode 2
Event: 117.142 Thread 0x00000234eee440b0 Uncommon trap: trap_request=0xffffff66 fr.pc=0x00000234dd78c474 relative=0x00000000000004f4
Event: 117.142 Thread 0x00000234eee440b0 Uncommon trap: reason=loop_limit_check action=maybe_recompile pc=0x00000234dd78c474 method=java.awt.geom.AffineTransform.transform([DI[DII)V @ 454 c2
Event: 117.142 Thread 0x00000234eee440b0 DEOPT PACKING pc=0x00000234dd78c474 sp=0x00000042bd8fdec0
Event: 117.142 Thread 0x00000234eee440b0 DEOPT UNPACKING pc=0x00000234dd1cc482 sp=0x00000042bd8fdde0 mode 2
Event: 118.084 Thread 0x00000234eef485b0 DEOPT PACKING pc=0x00000234d60d8539 sp=0x00000042bc0fe300
Event: 118.084 Thread 0x00000234eef485b0 DEOPT UNPACKING pc=0x00000234dd101702 sp=0x00000042bc0fd808 mode 0

Classes loaded (20 events):
Event: 95.141 Loading class sun/awt/windows/WChoicePeer
Event: 95.142 Loading class java/awt/peer/ChoicePeer
Event: 95.142 Loading class java/awt/peer/ChoicePeer done
Event: 95.143 Loading class sun/awt/windows/WChoicePeer done
Event: 95.143 Loading class sun/awt/windows/WFontMetrics
Event: 95.143 Loading class sun/awt/windows/WFontMetrics done
Event: 95.145 Loading class sun/awt/PlatformFont$PlatformFontCache
Event: 95.145 Loading class sun/awt/PlatformFont$PlatformFontCache done
Event: 95.145 Loading class sun/nio/cs/UTF_16LE$Encoder
Event: 95.145 Loading class sun/nio/cs/UnicodeEncoder
Event: 95.145 Loading class sun/nio/cs/UnicodeEncoder done
Event: 95.145 Loading class sun/nio/cs/UTF_16LE$Encoder done
Event: 95.145 Loading class sun/nio/cs/UTF_16LE$Decoder
Event: 95.145 Loading class sun/nio/cs/UTF_16LE$Decoder done
Event: 95.162 Loading class sun/awt/windows/WChoicePeer$1
Event: 95.162 Loading class sun/awt/windows/WChoicePeer$1 done
Event: 95.187 Loading class javax/swing/SwingHeavyWeight
Event: 95.187 Loading class javax/swing/SwingHeavyWeight done
Event: 95.237 Loading class java/awt/Event
Event: 95.238 Loading class java/awt/Event done

Classes unloaded (0 events):
No events

Classes redefined (0 events):
No events

Internal exceptions (20 events):
Event: 0.933 Thread 0x00000234eee440b0 Exception <a 'sun/java2d/InvalidPipeException'{0x000000008869ff18}: GDIWindowSurfaceData: bounds changed> (0x000000008869ff18) 
thrown [s\src\hotspot\share\prims\jni.cpp, line 534]
Event: 8.024 Thread 0x00000234eead9c80 Implicit null exception at 0x00000234dd6720cf to 0x00000234dd672664
Event: 8.174 Thread 0x00000234eee440b0 Exception <a 'java/lang/NoSuchMethodError'{0x0000000089b17240}: 'void java.lang.invoke.DelegatingMethodHandle$Holder.reinvoke_L(java.lang.Object, java.lang.Object, java.lang.Object, long, float)'> (0x0000000089b17240) 
thrown [s\src\hotspot\share\interpreter\linkResolver.cpp, line 804]
Event: 8.182 Thread 0x00000234eee440b0 Exception <a 'java/lang/NoSuchMethodError'{0x0000000089b2f750}: 'java.lang.Object java.lang.invoke.DirectMethodHandle$Holder.invokeStatic(java.lang.Object, java.lang.Object, java.lang.Object, java.lang.Object, long)'> (0x0000000089b2f750) 
thrown [s\src\hotspot\share\interpreter\linkResolver.cpp, line 804]
Event: 8.186 Thread 0x00000234eee440b0 Exception <a 'java/lang/NoSuchMethodError'{0x0000000089b51aa8}: 'float java.lang.invoke.DelegatingMethodHandle$Holder.reinvoke_L(java.lang.Object, java.lang.Object, java.lang.Object, long)'> (0x0000000089b51aa8) 
thrown [s\src\hotspot\share\interpreter\linkResolver.cpp, line 804]
Event: 17.513 Thread 0x00000234eee440b0 Exception <a 'java/lang/NoSuchMethodError'{0x0000000088e52f20}: 'void java.lang.invoke.DirectMethodHandle$Holder.invokeStatic(java.lang.Object, java.lang.Object)'> (0x0000000088e52f20) 
thrown [s\src\hotspot\share\interpreter\linkResolver.cpp, line 804]
Event: 17.552 Thread 0x00000234eee440b0 Exception <a 'java/lang/NoSuchMethodError'{0x0000000088d69e08}: 'java.lang.Object java.lang.invoke.DirectMethodHandle$Holder.invokeInterface(java.lang.Object, java.lang.Object)'> (0x0000000088d69e08) 
thrown [s\src\hotspot\share\interpreter\linkResolver.cpp, line 804]
Event: 17.612 Thread 0x00000234eee440b0 Exception <a 'java/lang/NoSuchMethodError'{0x0000000088a11790}: 'void java.lang.invoke.DirectMethodHandle$Holder.invokeStatic(java.lang.Object, java.lang.Object, java.lang.Object)'> (0x0000000088a11790) 
thrown [s\src\hotspot\share\interpreter\linkResolver.cpp, line 804]
Event: 17.615 Thread 0x00000234eee440b0 Exception <a 'java/lang/NoSuchMethodError'{0x0000000088a29208}: 'java.lang.Object java.lang.invoke.DirectMethodHandle$Holder.invokeVirtual(java.lang.Object, java.lang.Object, java.lang.Object)'> (0x0000000088a29208) 
thrown [s\src\hotspot\share\interpreter\linkResolver.cpp, line 804]
Event: 17.830 Thread 0x00000234eee440b0 Exception <a 'java/lang/NoSuchMethodError'{0x00000000886e2728}: 'void java.lang.invoke.DirectMethodHandle$Holder.invokeStaticInit(java.lang.Object, java.lang.Object)'> (0x00000000886e2728) 
thrown [s\src\hotspot\share\interpreter\linkResolver.cpp, line 804]
Event: 17.922 Thread 0x00000234eee440b0 Exception <a 'sun/nio/fs/WindowsException'{0x0000000088433238}> (0x0000000088433238) 
thrown [s\src\hotspot\share\prims\jni.cpp, line 516]
Event: 17.980 Thread 0x00000234eee440b0 Exception <a 'java/lang/NoSuchMethodError'{0x00000000884dcce8}: 'java.lang.Object java.lang.invoke.DirectMethodHandle$Holder.invokeStaticInit(java.lang.Object, int, int, int, int)'> (0x00000000884dcce8) 
thrown [s\src\hotspot\share\interpreter\linkResolver.cpp, line 804]
Event: 18.026 Thread 0x00000234eee440b0 Exception <a 'java/lang/NoSuchMethodError'{0x00000000883b21e8}: 'java.lang.Object java.lang.invoke.DirectMethodHandle$Holder.invokeStaticInit(java.lang.Object, java.lang.Object, int, int, int, int)'> (0x00000000883b21e8) 
thrown [s\src\hotspot\share\interpreter\linkResolver.cpp, line 804]
Event: 18.318 Thread 0x00000234eee440b0 Exception <a 'java/lang/NoSuchMethodError'{0x00000000882e92c0}: 'java.lang.Object java.lang.invoke.Invokers$Holder.invoke_MT(java.lang.Object, java.lang.Object, java.lang.Object, java.lang.Object, java.lang.Object, java.lang.Object)'> (0x00000000882e92c0) 
thrown [s\src\hotspot\share\interpreter\linkResolver.cpp, line 804]
Event: 18.320 Thread 0x00000234eee440b0 Exception <a 'java/lang/NoSuchMethodError'{0x00000000882f2280}: 'java.lang.Object java.lang.invoke.DirectMethodHandle$Holder.invokeStatic(java.lang.Object, java.lang.Object, int)'> (0x00000000882f2280) 
thrown [s\src\hotspot\share\interpreter\linkResolver.cpp, line 804]
Event: 18.327 Thread 0x00000234eee440b0 Exception <a 'java/lang/NoSuchMethodError'{0x0000000088113bd0}: 'void java.lang.invoke.DelegatingMethodHandle$Holder.delegate(java.lang.Object, java.lang.Object, int, java.lang.Object)'> (0x0000000088113bd0) 
thrown [s\src\hotspot\share\interpreter\linkResolver.cpp, line 804]
Event: 18.704 Thread 0x00000234eee440b0 Exception <a 'java/lang/NoSuchMethodError'{0x00000000880ff460}: 'int java.lang.invoke.DelegatingMethodHandle$Holder.reinvoke_L(java.lang.Object, java.lang.Object, java.lang.Object, long)'> (0x00000000880ff460) 
thrown [s\src\hotspot\share\interpreter\linkResolver.cpp, line 804]
Event: 55.330 Thread 0x00000234eee440b0 Exception <a 'java/lang/NoSuchMethodError'{0x00000000916a67e8}: 'int java.lang.invoke.DirectMethodHandle$Holder.invokeStatic(java.lang.Object)'> (0x00000000916a67e8) 
thrown [s\src\hotspot\share\interpreter\linkResolver.cpp, line 804]
Event: 86.566 Thread 0x00000234eef4bc60 Implicit null exception at 0x00000234dd713c4e to 0x00000234dd7140fc
Event: 86.567 Thread 0x00000234eef4bc60 Implicit null exception at 0x00000234dd70d5e9 to 0x00000234dd70d774

VM Operations (20 events):
Event: 112.196 Executing safepoint VM operation: G1TryInitiateConcMark (G1 Humongous Allocation)
Event: 112.203 Executing safepoint VM operation: G1TryInitiateConcMark (G1 Humongous Allocation) done
Event: 112.216 Executing safepoint VM operation: G1PauseRemark
Event: 112.219 Executing safepoint VM operation: G1PauseRemark done
Event: 112.227 Executing safepoint VM operation: G1PauseCleanup
Event: 112.227 Executing safepoint VM operation: G1PauseCleanup done
Event: 113.275 Executing safepoint VM operation: G1CollectForAllocation (G1 Evacuation Pause)
Event: 113.279 Executing safepoint VM operation: G1CollectForAllocation (G1 Evacuation Pause) done
Event: 120.291 Executing non-safepoint VM operation: HandshakeAllThreads (HandshakeForDeflation)
Event: 120.292 Executing non-safepoint VM operation: HandshakeAllThreads (HandshakeForDeflation) done
Event: 120.292 Executing non-safepoint VM operation: RendezvousGCThreads
Event: 120.292 Executing non-safepoint VM operation: RendezvousGCThreads done
Event: 122.360 Executing safepoint VM operation: G1CollectForAllocation (G1 Evacuation Pause)
Event: 122.364 Executing safepoint VM operation: G1CollectForAllocation (G1 Evacuation Pause) done
Event: 122.508 Executing safepoint VM operation: G1TryInitiateConcMark (G1 Humongous Allocation)
Event: 122.511 Executing safepoint VM operation: G1TryInitiateConcMark (G1 Humongous Allocation) done
Event: 122.531 Executing safepoint VM operation: G1PauseRemark
Event: 122.535 Executing safepoint VM operation: G1PauseRemark done
Event: 122.545 Executing safepoint VM operation: G1PauseCleanup
Event: 122.545 Executing safepoint VM operation: G1PauseCleanup done

Memory protections (0 events):
No events

Nmethod flushes (20 events):
Event: 122.533 Thread 0x00000234cd145b40 flushing  nmethod 0x00000234d5ba2a88
Event: 122.533 Thread 0x00000234cd145b40 flushing  nmethod 0x00000234d5ba3088
Event: 122.533 Thread 0x00000234cd145b40 flushing  nmethod 0x00000234d5ba3388
Event: 122.533 Thread 0x00000234cd145b40 flushing  nmethod 0x00000234d5ba3f88
Event: 122.533 Thread 0x00000234cd145b40 flushing  nmethod 0x00000234d5bb6808
Event: 122.533 Thread 0x00000234cd145b40 flushing  nmethod 0x00000234d5bb9a88
Event: 122.533 Thread 0x00000234cd145b40 flushing  nmethod 0x00000234d5bba408
Event: 122.533 Thread 0x00000234cd145b40 flushing  nmethod 0x00000234d5c3f088
Event: 122.533 Thread 0x00000234cd145b40 flushing  nmethod 0x00000234d5c80c08
Event: 122.533 Thread 0x00000234cd145b40 flushing  nmethod 0x00000234d5c80f08
Event: 122.533 Thread 0x00000234cd145b40 flushing  nmethod 0x00000234d5c81488
Event: 122.533 Thread 0x00000234cd145b40 flushing  nmethod 0x00000234d5ca9f88
Event: 122.533 Thread 0x00000234cd145b40 flushing  nmethod 0x00000234dd66f588
Event: 122.533 Thread 0x00000234cd145b40 flushing  nmethod 0x00000234d5b8a188
Event: 122.533 Thread 0x00000234cd145b40 flushing  nmethod 0x00000234d5b8ab08
Event: 122.533 Thread 0x00000234cd145b40 flushing  nmethod 0x00000234d5b8af88
Event: 122.533 Thread 0x00000234cd145b40 flushing  nmethod 0x00000234d5ba6808
Event: 122.533 Thread 0x00000234cd145b40 flushing  nmethod 0x00000234d5bf4a08
Event: 122.533 Thread 0x00000234cd145b40 flushing  nmethod 0x00000234d5c43788
Event: 122.533 Thread 0x00000234cd145b40 flushing  nmethod 0x00000234d5c44388

Events (20 events):
Event: 86.537 Thread 0x00000234eee440b0 Thread added: 0x00000234eef4bc60
Event: 86.656 Thread 0x00000234e97cf640 Thread added: 0x00000234e9a4fab0
Event: 88.826 Thread 0x00000234e9a4fab0 Thread exited: 0x00000234e9a4fab0
Event: 89.846 Thread 0x00000234e97cf640 Thread added: 0x00000234e9a50ad0
Event: 92.502 Thread 0x00000234e9a50ad0 Thread exited: 0x00000234e9a50ad0
Event: 92.861 Thread 0x00000234eee440b0 Thread added: 0x00000234eef4d3d0
Event: 95.048 Thread 0x00000234e97cf640 Thread added: 0x00000234e9a56b90
Event: 100.109 Thread 0x00000234eef4bc60 Thread exited: 0x00000234eef4bc60
Event: 100.133 Thread 0x00000234eef4d3d0 Thread exited: 0x00000234eef4d3d0
Event: 100.234 Thread 0x00000234e9a56b90 Thread exited: 0x00000234e9a56b90
Event: 106.351 Thread 0x00000234eee440b0 Thread added: 0x00000234eef47de0
Event: 106.380 Thread 0x00000234eee440b0 Thread added: 0x00000234eef49d20
Event: 111.396 Thread 0x00000234eef47de0 Thread exited: 0x00000234eef47de0
Event: 111.430 Thread 0x00000234eef49d20 Thread exited: 0x00000234eef49d20
Event: 111.581 Thread 0x00000234eee440b0 Thread added: 0x00000234eef47de0
Event: 111.785 Thread 0x00000234eee440b0 Thread added: 0x00000234eef485b0
Event: 113.520 Thread 0x00000234eee440b0 Thread added: 0x00000234eef4bc60
Event: 114.321 Thread 0x00000234eee440b0 Thread added: 0x00000234eef4d3d0
Event: 120.122 Thread 0x00000234eef47de0 Thread exited: 0x00000234eef47de0
Event: 122.468 Thread 0x00000234eee440b0 Thread added: 0x00000234e9775940


Dynamic libraries:
0x00007ff7c44c0000 - 0x00007ff7c44ce000 	C:\Program Files\Apache NetBeans\jdk\bin\java.exe
0x00007ffafdd10000 - 0x00007ffafdf08000 	C:\Windows\SYSTEM32\ntdll.dll
0x00007ffafd600000 - 0x00007ffafd6c2000 	C:\Windows\System32\KERNEL32.DLL
0x00007ffafb410000 - 0x00007ffafb707000 	C:\Windows\System32\KERNELBASE.dll
0x00007ffafb840000 - 0x00007ffafb940000 	C:\Windows\System32\ucrtbase.dll
0x00007ffadf5d0000 - 0x00007ffadf5ee000 	C:\Program Files\Apache NetBeans\jdk\bin\VCRUNTIME140.dll
0x00007ffad7e90000 - 0x00007ffad7ea6000 	C:\Program Files\Apache NetBeans\jdk\bin\jli.dll
0x00007ffafd9e0000 - 0x00007ffafdb7d000 	C:\Windows\System32\USER32.dll
0x00007ffae7b90000 - 0x00007ffae7e2b000 	C:\Windows\WinSxS\amd64_microsoft.windows.common-controls_6595b64144ccf1df_6.0.19041.6926_none_60b5a53971f8f7e6\COMCTL32.dll
0x00007ffafb390000 - 0x00007ffafb3b2000 	C:\Windows\System32\win32u.dll
0x00007ffafbf80000 - 0x00007ffafc01e000 	C:\Windows\System32\msvcrt.dll
0x00007ffafbe00000 - 0x00007ffafbe2b000 	C:\Windows\System32\GDI32.dll
0x00007ffafba10000 - 0x00007ffafbb2a000 	C:\Windows\System32\gdi32full.dll
0x00007ffafb970000 - 0x00007ffafba0d000 	C:\Windows\System32\msvcp_win.dll
0x00007ffafbf50000 - 0x00007ffafbf7f000 	C:\Windows\System32\IMM32.DLL
0x00007ffaf2510000 - 0x00007ffaf251c000 	C:\Program Files\Apache NetBeans\jdk\bin\vcruntime140_1.dll
0x00007ffa9da00000 - 0x00007ffa9da8d000 	C:\Program Files\Apache NetBeans\jdk\bin\msvcp140.dll
0x00007ffa676f0000 - 0x00007ffa68616000 	C:\Program Files\Apache NetBeans\jdk\bin\server\jvm.dll
0x00007ffafd900000 - 0x00007ffafd9b1000 	C:\Windows\System32\ADVAPI32.dll
0x00007ffafd3d0000 - 0x00007ffafd46f000 	C:\Windows\System32\sechost.dll
0x00007ffafcc20000 - 0x00007ffafcd46000 	C:\Windows\System32\RPCRT4.dll
0x00007ffafb940000 - 0x00007ffafb967000 	C:\Windows\System32\bcrypt.dll
0x00007ffafd470000 - 0x00007ffafd4db000 	C:\Windows\System32\WS2_32.dll
0x00007ffaf0410000 - 0x00007ffaf041a000 	C:\Windows\SYSTEM32\VERSION.dll
0x00007ffafb1f0000 - 0x00007ffafb23b000 	C:\Windows\SYSTEM32\POWRPROF.dll
0x00007ffae7e30000 - 0x00007ffae7e57000 	C:\Windows\SYSTEM32\WINMM.dll
0x00007ffafb1d0000 - 0x00007ffafb1e2000 	C:\Windows\SYSTEM32\UMPDC.dll
0x00007ffaf9bb0000 - 0x00007ffaf9bc2000 	C:\Windows\SYSTEM32\kernel.appcore.dll
0x00007ffaef980000 - 0x00007ffaef98a000 	C:\Program Files\Apache NetBeans\jdk\bin\jimage.dll
0x00007ffaf5950000 - 0x00007ffaf5b51000 	C:\Windows\SYSTEM32\DBGHELP.DLL
0x00007ffae2cc0000 - 0x00007ffae2cf4000 	C:\Windows\SYSTEM32\dbgcore.DLL
0x00007ffafbb30000 - 0x00007ffafbbb2000 	C:\Windows\System32\bcryptPrimitives.dll
0x00007ffad7f20000 - 0x00007ffad7f3e000 	C:\Program Files\Apache NetBeans\jdk\bin\java.dll
0x00007ffafd2a0000 - 0x00007ffafd3cb000 	C:\Windows\System32\ole32.dll
0x00007ffafc0e0000 - 0x00007ffafc433000 	C:\Windows\System32\combase.dll
0x00007ffafc440000 - 0x00007ffafcbb1000 	C:\Windows\System32\SHELL32.dll
0x00007ffaf6370000 - 0x00007ffaf6b16000 	C:\Windows\SYSTEM32\windows.storage.dll
0x00007ffafacf0000 - 0x00007ffafad1b000 	C:\Windows\SYSTEM32\Wldp.dll
0x00007ffafd1d0000 - 0x00007ffafd29d000 	C:\Windows\System32\OLEAUT32.dll
0x00007ffafbea0000 - 0x00007ffafbf4d000 	C:\Windows\System32\SHCORE.dll
0x00007ffafc080000 - 0x00007ffafc0db000 	C:\Windows\System32\shlwapi.dll
0x00007ffafb2c0000 - 0x00007ffafb2e4000 	C:\Windows\SYSTEM32\profapi.dll
0x00007ffad1eb0000 - 0x00007ffad1ec1000 	C:\Program Files\Apache NetBeans\jdk\bin\net.dll
0x00007ffafaa20000 - 0x00007ffafaa8a000 	C:\Windows\system32\mswsock.dll
0x00007ffad12a0000 - 0x00007ffad12b6000 	C:\Program Files\Apache NetBeans\jdk\bin\nio.dll
0x00007ffad60c0000 - 0x00007ffad60d7000 	C:\Program Files\Apache NetBeans\jdk\bin\zip.dll
0x00007ffa9d200000 - 0x00007ffa9d380000 	C:\Program Files\Apache NetBeans\jdk\bin\awt.dll
0x00007ffaf48a0000 - 0x00007ffaf4934000 	C:\Windows\SYSTEM32\apphelp.dll
0x00007ffaf5e90000 - 0x00007ffaf5ebf000 	C:\Windows\system32\DWMAPI.DLL
0x00007ffaf5bc0000 - 0x00007ffaf5c5e000 	C:\Windows\system32\uxtheme.dll
0x00007ffae4f30000 - 0x00007ffae5058000 	C:\Windows\system32\opengl32.dll
0x00007ffaf2220000 - 0x00007ffaf224c000 	C:\Windows\SYSTEM32\GLU32.dll
0x00007ffafd4e0000 - 0x00007ffafd5f5000 	C:\Windows\System32\MSCTF.dll
0x00007ffabe5d0000 - 0x00007ffabe5ff000 	C:\Program Files\Apache NetBeans\jdk\bin\javajpeg.dll
0x00007ffa9b350000 - 0x00007ffa9b3d7000 	C:\Program Files\Apache NetBeans\jdk\bin\freetype.dll
0x00007ffa9b260000 - 0x00007ffa9b34f000 	C:\Program Files\Apache NetBeans\jdk\bin\fontmanager.dll
0x00007ffad8e80000 - 0x00007ffad8f79000 	C:\Windows\SYSTEM32\textinputframework.dll
0x00007ffaf4220000 - 0x00007ffaf457b000 	C:\Windows\System32\CoreUIComponents.dll
0x00007ffaf4580000 - 0x00007ffaf4672000 	C:\Windows\System32\CoreMessaging.dll
0x00007ffafa590000 - 0x00007ffafa5c3000 	C:\Windows\SYSTEM32\ntmarta.dll
0x00007ffaf4a00000 - 0x00007ffaf4b57000 	C:\Windows\SYSTEM32\wintypes.dll
0x00007ffafdc20000 - 0x00007ffafdcc9000 	C:\Windows\System32\clbcatq.dll
0x00007ffaf56d0000 - 0x00007ffaf5886000 	C:\Windows\SYSTEM32\WindowsCodecs.dll
0x00007ffad8020000 - 0x00007ffad805e000 	C:\Windows\system32\dataexchange.dll
0x00007ffaf2e70000 - 0x00007ffaf30d4000 	C:\Windows\system32\d3d11.dll
0x00007ffaf3b60000 - 0x00007ffaf3d44000 	C:\Windows\system32\dcomp.dll
0x00007ffaf9bf0000 - 0x00007ffaf9ce6000 	C:\Windows\system32\dxgi.dll
0x00007ffaf0900000 - 0x00007ffaf0b03000 	C:\Windows\system32\twinapi.appcore.dll
0x00007ffafa740000 - 0x00007ffafa80a000 	C:\Windows\SYSTEM32\DNSAPI.dll
0x00007ffafa700000 - 0x00007ffafa73b000 	C:\Windows\SYSTEM32\IPHLPAPI.DLL
0x00007ffafbe30000 - 0x00007ffafbe38000 	C:\Windows\System32\NSI.dll
0x00007ffaefa30000 - 0x00007ffaefa3a000 	C:\Windows\System32\rasadhlp.dll
0x00007ffae9ce0000 - 0x00007ffae9d60000 	C:\Windows\System32\fwpuclnt.dll
0x00007ffad6f00000 - 0x00007ffad6f09000 	C:\Program Files\Apache NetBeans\jdk\bin\extnet.dll
0x00007ffafac50000 - 0x00007ffafac68000 	C:\Windows\SYSTEM32\CRYPTSP.dll
0x00007ffafa340000 - 0x00007ffafa378000 	C:\Windows\system32\rsaenh.dll
0x00007ffafb240000 - 0x00007ffafb26e000 	C:\Windows\SYSTEM32\USERENV.dll
0x00007ffafac40000 - 0x00007ffafac4c000 	C:\Windows\SYSTEM32\CRYPTBASE.dll
0x00007ffaf2730000 - 0x00007ffaf273e000 	C:\Program Files\Apache NetBeans\jdk\bin\sunmscapi.dll
0x00007ffafbbc0000 - 0x00007ffafbd1d000 	C:\Windows\System32\CRYPT32.dll
0x00007ffafad60000 - 0x00007ffafad87000 	C:\Windows\SYSTEM32\ncrypt.dll
0x00007ffafad20000 - 0x00007ffafad5b000 	C:\Windows\SYSTEM32\NTASN1.dll

JVMTI agents: none

dbghelp: loaded successfully - version: 4.0.5 - missing functions: none
symbol engine: initialized successfully - sym options: 0x614 - pdb path: .;C:\Program Files\Apache NetBeans\jdk\bin;C:\Windows\SYSTEM32;C:\Windows\WinSxS\amd64_microsoft.windows.common-controls_6595b64144ccf1df_6.0.19041.6926_none_60b5a53971f8f7e6;C:\Program Files\Apache NetBeans\jdk\bin\server

VM Arguments:
jvm_args: -Dfile.encoding=UTF-8 --module-path=F:\fontend\Travel Management System\build\classes 
java_command: travel.management.system.Splash
java_class_path (initial): F:\installation all files\photos\New folder\mysql-connector-java-8.0.28.jar;F:\fontend\Travel Management System\build\classes
Launcher Type: SUN_STANDARD

[Global flags]
     intx CICompilerCount                          = 3                                         {product} {ergonomic}
     uint ConcGCThreads                            = 1                                         {product} {ergonomic}
     uint G1ConcRefinementThreads                  = 4                                         {product} {ergonomic}
   size_t G1HeapRegionSize                         = 1048576                                   {product} {ergonomic}
   size_t InitialHeapSize                          = 134217728                                 {product} {ergonomic}
   size_t MarkStackSize                            = 4194304                                   {product} {ergonomic}
   size_t MarkStackSizeMax                         = 536870912                                 {product} {ergonomic}
   size_t MaxHeapSize                              = 2118123520                                {product} {ergonomic}
   size_t MaxNewSize                               = 1270874112                                {product} {ergonomic}
   size_t MinHeapDeltaBytes                        = 1048576                                   {product} {ergonomic}
   size_t MinHeapSize                              = 8388608                                   {product} {ergonomic}
    uintx NonNMethodCodeHeapSize                   = 5832704                                {pd product} {ergonomic}
    uintx NonProfiledCodeHeapSize                  = 122945536                              {pd product} {ergonomic}
    uintx ProfiledCodeHeapSize                     = 122880000                              {pd product} {ergonomic}
    uintx ReservedCodeCacheSize                    = 251658240                              {pd product} {ergonomic}
     bool SegmentedCodeCache                       = true                                      {product} {ergonomic}
   size_t SoftMaxHeapSize                          = 2118123520                             {manageable} {ergonomic}
     bool UseCompressedOops                        = true                           {product lp64_product} {ergonomic}
     bool UseG1GC                                  = true                                      {product} {ergonomic}
     bool UseLargePagesIndividualAllocation        = false                                  {pd product} {ergonomic}

Logging:
Log output configuration:
 #0: stdout all=warning uptime,level,tags foldmultilines=false
 #1: stderr all=off uptime,level,tags foldmultilines=false

Release file:
IMPLEMENTOR="Eclipse Adoptium" 
IMPLEMENTOR_VERSION="Temurin-25.0.2+10" 
JAVA_RUNTIME_VERSION="25.0.2+10-LTS" 
JAVA_VERSION="25.0.2" 
JAVA_VERSION_DATE="2026-01-20" 
LIBC="default" 
MODULES="java.base java.compiler java.datatransfer java.xml java.prefs java.desktop java.instrument java.logging java.management java.security.sasl java.naming java.rmi java.management.rmi java.net.http java.scripting java.security.jgss java.transaction.xa java.sql java.sql.rowset java.xml.crypto java.se java.smartcardio jdk.accessibility jdk.internal.jvmstat jdk.attach jdk.charsets jdk.internal.opt jdk.zipfs jdk.compiler jdk.crypto.cryptoki jdk.crypto.ec jdk.crypto.mscapi jdk.dynalink jdk.internal.ed jdk.editpad jdk.internal.vm.ci jdk.graal.compiler jdk.graal.compiler.management jdk.hotspot.agent jdk.httpserver jdk.incubator.vector jdk.internal.le jdk.internal.md jdk.jartool jdk.javadoc jdk.jcmd jdk.management jdk.management.agent jdk.jconsole jdk.jdeps jdk.jdwp.agent jdk.jdi jdk.jfr jdk.jlink jdk.jpackage jdk.jshell jdk.jsobject jdk.jstatd jdk.localedata jdk.management.jfr jdk.naming.dns jdk.naming.rmi jdk.net jdk.nio.mapmode jdk.sctp jdk.security.auth jdk.security.jgss jdk.unsupported jdk.unsupported.desktop jdk.xml.dom" 
OS_ARCH="x86_64" 
OS_NAME="Windows" 
SOURCE=".:git:9e3c947043a4" 
BUILD_SOURCE="git:458965074606f027bd5afce2cfd5c1055dea0438"
BUILD_SOURCE_REPO="https://github.com/adoptium/temurin-build.git"
SOURCE_REPO="https://github.com/adoptium/jdk25u.git"
FULL_VERSION="25.0.2+10-LTS"
SEMANTIC_VERSION="25.0.2+10"
BUILD_INFO="OS: Windows Server 2022 Version: 10.0"
JVM_VARIANT="Hotspot"
JVM_VERSION="25.0.2+10-LTS"
IMAGE_TYPE="JDK"

Environment Variables:
PATH=C:\Program Files\Common Files\Oracle\Java\javapath;C:\Windows\system32;C:\Windows;C:\Windows\System32\Wbem;C:\Windows\System32\WindowsPowerShell\v1.0\;C:\Windows\System32\OpenSSH\;C:\Program Files\dotnet\;C:\Program Files\MySQL\MySQL Server 8.0\bin;C:\Program Files\nodejs;C:\Program Files\Java\jdk-24\bin;C:\Program Files\MySQL\MySQL Shell 8.0\bin\;C:\Users\amit kumar\AppData\Local\Microsoft\WindowsApps;F:\installation all files\installation path\Microsoft VS Code\bin;C:\Users\amit kumar\AppData\Local\GitHubDesktop\bin;C:\Users\amit kumar\AppData\Roaming\npm;F:\IntelliJ IDEA\IntelliJ IDEA 2025.3.1\bin;C:\Program Files\Apache NetBeans\bin\
USERNAME=amit kumar
OS=Windows_NT
PROCESSOR_IDENTIFIER=Intel64 Family 6 Model 142 Stepping 9, GenuineIntel
TMP=C:\Users\AMITKU~1\AppData\Local\Temp
TEMP=C:\Users\AMITKU~1\AppData\Local\Temp




Compilation memory statistics disabled.

Periodic native trim disabled

---------------  S Y S T E M  ---------------

OS:
 Windows 10 , 64 bit Build 19041 (10.0.19041.6807)
OS uptime: 5 days 22:23 hours

CPU: total 4 (initial active 4) (2 cores per cpu, 2 threads per core) family 6 model 142 stepping 9 microcode 0xb4, cx8, cmov, fxsr, ht, mmx, 3dnowpref, sse, sse2, sse3, ssse3, sse4.1, sse4.2, popcnt, lzcnt, tsc, tscinvbit, avx, avx2, aes, erms, clmul, bmi1, bmi2, adx, fma, vzeroupper, clflush, clflushopt, rdtscp, f16c
Processor Information for the first 4 processors :
  Max Mhz: 2304, Current Mhz: 2304, Mhz Limit: 2304

Memory: 4k page, system-wide physical 8076M (495M free)
TotalPageFile size 32652M (AvailPageFile size 2M)
current process WorkingSet (physical memory assigned to process): 563M, peak: 563M
current process commit charge ("private bytes"): 842M, peak: 842M

vm_info: OpenJDK 64-Bit Server VM (25.0.2+10-LTS) for windows-amd64 JRE (25.0.2+10-LTS), built on 2026-01-20T00:00:00Z with MS VC++ 17.12 (VS2022)

END.
